:0200000480007A
:2000000000000000700059B30000000000000000000000000000000064B81E799B47E18668
:20002000910000F8D9FFB213DC0F0090000600F000B403F00100000000000000000600F08B
:2000400000B503F00300000001000000000600F000B403F00000000090000000000600F0D1
:2000600000B403F00100000090000000000600F000B503F00200000090000000000600F022
:2000800000B503F00300000090000000000700F000B503F00100000000000000000700F08E
:2000A00000B503F00500000001000000000700F000C003F00900000002000000000700F0E6
:2000C00000B103F00A00000004000000000700F000D303F00D00000005000000000700F0A8
:2000E00000A203F00300000006000000000700F000A203F00200000090000000000700F04D
:2001000000B103F00C00000090000000000700F000B503F00000000090000000000700F079
:2001200000B503F00100000090000000000700F000B503F00400000090000000000700F05C
:2001400000B503F00500000090000000000700F000C003F00A00000090000000000700F027
:2001600000D303F00C00000090000000000700F000D303F00D00000090000000000800F0CB
:2001800000B403F00300000000000000000800F000A203F00100000001000000000800F02E
:2001A00000B003F00600000003000000000800F000D303F00800000004000000000800F0D1
:2001C00000A203F00000000006000000000800F000A203F00000000090000000000800F06F
:2001E00000B003F00500000090000000000800F000B403F00200000090000000000800F09E
:2002000000B403F00300000090000000000800F000D303F00800000090000000000800F056
:2002200000D303F00900000090000000000900F000B503F00700000000000000000900F0BE
:2002400000C003F00300000002000000000900F000A003F00100000004000000000900F05C
:2002600000C103F00600000005000000000900F000A003F00000000098000000000900F0A2
:2002800000A003F00100000090000000000900F000B503F00600000090000000000900F00A
:2002A00000B503F00700000090000000000900F000C003F00000000090000000000900F0CA
:2002C00000C003F00300000090000000000900F000C103F00700000090000000000600F09E
:2002E00000000000000700F001000000000800F002000000000900F0030000000050C348B5
:20030000640000000050C348640000001400000000000000000000000100000000000000A5
:200320000000000000000000000000000000000000000000000001010700000000000901AA
:20034000000000000602000000000A03000000000000000000000000010100000000000086
:20036000002A00F000000000002B00F001000000000081F800000000000083F80100000052
:2003800000000000000000000000000000000000000000000000000000000000000000005D
:2003A0000000010000010F00010F0000000000000000000000000000000000AFFF1F00AFA0
:2003C000002000AFFF3F00AF004000AFFF5F00AF006000AFFF7F00AF008000AFFF9F00AFAD
:2003E00000A000AFFFBF00AF00C000AFFFDF00AF00E000AFFFFF00AF000001AFFF1F01AF8B
:20040000002001AFFF3F01AF004001AFFF5F01AF006001AFFF7F01AF002E00F002000000C2
:2004200000A003F00800000000000000002E00F00200000000D303F0060000000100000034
:20044000002E00F00200000000A003F00700000000000000002E00F00200000000D303F0FC
:200460000700000001000000002E00F00300000000A203F00700000000000000002E00F099
:200480000300000000A203F00600000000000000002E00F00400000000A003F00900000000
:2004A00000000000002E00F00400000000D303F00500000001000000002E00F0040000002C
:2004C00000A203F00800000000000000002E00F00500000000C103F00600000000000000A2
:2004E000002E00F00500000000B003F00100000001000000002E00F00500000000C103F05D
:200500000700000000000000002E00F00500000000B003F00300000001000000002E00F0EC
:200520000600000000C003F00000000000000000002E00F00600000000C003F00300000028
:2005400000000000002E00F00600000000B003F002000000010000000000020000000000CF
:2005600000A203F00000000088000000000002003000000000C203F00100000088000000EE
:20058000000002003500000000C103F00200000088000000000002005500000000B403F0E8
:2005A0000500000088000000000002000800000000A203F00800000088000000000002007D
:2005C0000900000000A003F00000000088000000000103006700000000B003F001000000E8
:2005E00088000000000102000A00000000A003F00100000088000000000102000B0000003C
:2006000000A003F00200000088000000000102000100000000A203F001000000880000009B
:20062000000102001F00000000D303F00900000088000000000102002F00000000C203F05A
:200640000000000088000000000102003600000000C103F003000000880000000001020097
:200660005400000000B403F00400000088000000000203006800000000B003F002000000E1
:2006800088000000000203006B00000000B003F00500000088000000000202000C00000022
:2006A00000A003F00300000088000000000202000200000000A203F00200000088000000F7
:2006C000000202002100000000D303F00B00000088000000000202003700000000C103F0AD
:2006E0000400000088000000000202005300000000B403F0030000008800000000030300DF
:200700006900000000B003F00300000088000000000303006C00000000B003F00600000027
:2007200088000000000302000D00000000A003F004000000880000000003020003000000F8
:2007400000A203F00300000088000000000302003100000000C203F0020000008800000004
:20076000000302003800000000C103F00500000088000000000302005200000000B403F0FD
:200780000200000088000000000402000E00000000A003F005000000880000000004020095
:2007A0000400000000A203F00400000088000000000402003200000000C203F00300000024
:2007C00088000000000402003900000000C103F00600000088000000000402003D000000CD
:2007E00000C003F00300000088000000000402005100000000B403F0010000008800000034
:20080000000502000F00000000A003F00600000088000000000502002800000000D203F0AD
:200820000400000088000000000502003A00000000C103F0070000008800000000050200A1
:200840000500000000A203F00500000088000000000602001000000000A003F007000000BF
:2008600088000000000602002A00000000C303F00100000088000000000602003B0000003C
:2008800000C003F00000000088000000000602000600000000A203F00600000088000000EC
:2008A000000702001100000000A003F00800000088000000000702004000000000C003F0FF
:2008C0000800000088000000000702000700000000A203F007000000880000000100030050
:2008E0000000000000A203F00000000088000000010003003000000000C203F001000000F1
:2009000088000000010003003500000000C103F00200000088000000010002004400000091
:2009200000C003F00C00000088000000010002004C00000000B503F00500000088000000EC
:20094000010002004D00000000B503F00600000088000000010003000800000000A203F070
:200960000800000088000000010003000900000000A003F0000000008800000001010200BB
:200980006700000000B003F00100000088000000010103000A00000000A003F00100000021
:2009A00088000000010103000B00000000A003F0020000008800000001010300010000007C
:2009C00000A203F00100000088000000010103001F00000000D303F009000000880000007E
:2009E000010103002F00000000C203F00000000088000000010103003600000000C103F097
:200A00000300000088000000010102004500000000C003F00D0000008800000001010200B6
:200A20004E00000000B503F00700000088000000010102004F00000000B503F0080000002E
:200A400088000000010102005600000000B403F00600000088000000010202006800000012
:200A600000B003F00200000088000000010202006B00000000B003F00500000088000000A9
:200A8000010203000C00000000A003F00300000088000000010203000200000000A203F089
:200AA0000200000088000000010203002100000000D303F00B000000880000000102030026
:200AC0003700000000C103F00400000088000000010202004600000000C003F00E00000093
:200AE00088000000010202005000000000B403F0000000008800000001030200690000007B
:200B000000B003F00300000088000000010302006C00000000B003F0060000008800000004
:200B2000010303000D00000000A003F00400000088000000010303000300000000A203F0E3
:200B40000300000088000000010303003100000000C203F00200000088000000010303008C
:200B60003800000000C103F00500000088000000010302004700000000B503F00000000007
:200B800088000000010403000E00000000A003F0050000008800000001040300040000008B
:200BA00000A203F00400000088000000010403003200000000C203F003000000880000009A
:200BC000010403003900000000C103F00600000088000000010403003D00000000C003F09A
:200BE0000300000088000000010402004800000000B503F0010000008800000001050300E1
:200C00000F00000000A003F00600000088000000010503002800000000D203F004000000AA
:200C200088000000010503003A00000000C103F00700000088000000010503000500000098
:200C400000A203F00500000088000000010502004100000000C003F00900000088000000E5
:200C6000010502004900000000B503F00200000088000000010603001000000000A003F044
:200C80000700000088000000010603002A00000000C303F001000000880000000106030048
:200CA0003B00000000C003F00000000088000000010602004200000000C003F00A000000B6
:200CC00088000000010603000600000000A203F00600000088000000010602004A00000006
:200CE00000B503F00300000088000000010703001100000000A003F0080000008800000082
:200D0000010702004300000000C003F00B00000088000000010702004B00000000B503F043
:200D20000400000088000000010703000700000000A203F0070000008800000002000200ED
:200D40001200000000A003F00900000088000000020002001A00000000D303F00400000075
:200D600088000000020002002000000000D303F00A00000088000000020003004400000026
:200D800000C003F00C00000088000000020002005E00000000B303F0030000008800000079
:200DA000020102001B00000000D303F00500000088000000020103004500000000C003F0C2
:200DC0000D00000088000000020102005F00000000B103F0020000008800000002020200E6
:200DE0001C00000000D303F00600000088000000020203004600000000C003F00E00000075
:200E000088000000020202006000000000B103F00300000088000000020302001500000099
:200E200000A003F00C00000088000000020302001D00000000D303F0070000008800000012
:200E4000020303004700000000B503F00000000088000000020302006100000000B103F007
:200E60000600000088000000020402001E00000000D303F008000000880000000204020060
:200E80002200000000D303F00C00000088000000020403004800000000B503F001000000DC
:200EA00088000000020402006200000000B103F009000000880000000205020023000000DF
:200EC00000D303F00D00000088000000020503004100000000C003F0090000008800000028
:200EE000020503004900000000B503F00200000088000000020502005B00000000B303F063
:200F00000000000088000000020502006300000000B103F00A00000088000000020602009D
:200F20006400000000B103F00B00000088000000020602002400000000D203F00000000023
:200F400088000000020602003E00000000C003F00600000088000000020603004200000033
:200F600000C003F00A00000088000000020603004A00000000B503F00300000088000000A4
:200F8000020602005C00000000B303F00100000088000000020702006500000000B103F0A8
:200FA0000C00000088000000020702003F00000000C003F007000000880000000207030005
:200FC0004000000000C003F00800000088000000020703004300000000C003F00B00000081
:200FE00088000000020703004B00000000B503F00400000088000000020702005D00000076
:2010000000B303F00200000088000000030003001200000000A003F0090000008800000064
:20102000030003001A00000000D303F00400000088000000030003002000000000D303F052
:201040000A00000088000000030003004C00000000B503F005000000880000000300030071
:201060004D00000000B503F00600000088000000030003005500000000B403F005000000E6
:2010800088000000030003005E00000000B303F00300000088000000030103001B00000011
:2010A00000D303F00500000088000000030103004E00000000B503F0070000008800000051
:2010C000030103004F00000000B503F00800000088000000030103005400000000B403F080
:2010E0000400000088000000030103005600000000B403F0060000008800000003010300CB
:201100005F00000000B103F00200000088000000030203001C00000000D303F00600000052
:2011200088000000030203005000000000B403F00000000088000000030203005300000045
:2011400000B403F00300000088000000030203006000000000B103F00300000088000000C6
:20116000030303001500000000A003F00C00000088000000030303001D00000000D303F03E
:201180000700000088000000030303005200000000B403F00200000088000000030303002B
:2011A0006100000000B103F00600000088000000030403001E00000000D303F008000000A6
:2011C00088000000030403002200000000D303F00C000000880000000304030051000000A6
:2011E00000B403F00100000088000000030403006200000000B103F009000000880000001E
:20120000030503002300000000D303F00D00000088000000030503005B00000000B303F039
:201220000000000088000000030503006300000000B103F00A000000880000000306030076
:201240006400000000B103F00B00000088000000030603002400000000D203F000000000FE
:2012600088000000030603003E00000000C003F00600000088000000030603005C000000F3
:2012800000B303F00100000088000000030703006500000000B103F00C0000008800000075
:2012A000030703003F00000000C003F00700000088000000030703005D00000000B303F090
:2012C0000200000088000000001C00F000C003F00C00000000000000001C00F000C003F0FA
:2012E0000C000000A0000000001C00F000C003F00E00000098000000001C00F000C003F01E
:201300000B00000098000000001C00F000C003F00D000000A8000000001C00F000000000AA
:2013200000C003F00800000098000000001C00F00D00000000B503F0000000009800000001
:20134000001C00F00100000000C003F00900000098000000001C00F00200000000C003F06B
:201360000D00000098000000001C00F00300000000B103F00A00000098000000001C00F067
:201380000400000000B103F00B00000098000000001C00F00500000000B103F0020000004B
:2013A00098000000001C00F00600000000C003F00A00000098000000001C00F0070000001B
:2013C00000D303F00500000090000000001C00F00800000000C003F006000000980000004D
:2013E000001C00F00900000000C003F00300000098000000001D00F000B003F001000000D9
:2014000000000000001D00F000B103F00300000001000000001D00F000B003F00100000066
:2014200090000000001D00F000B003F00300000098000000001D00F000B103F00900000017
:2014400098000000001D00F000B003F00200000098000000001D00F000B103F006000000F3
:2014600098000000001D00F00000000000C003F008000000A0000000001D00F0010000005E
:2014800000C003F009000000A0000000001D00F00200000000C003F00D000000A000000081
:2014A000001D00F00300000000B103F00A000000A0000000001D00F00400000000B103F019
:2014C0000B000000A0000000001D00F00500000000B103F002000000A0000000001D00F0FC
:2014E0000600000000D303F00A00000090000000001D00F00700000000D303F005000000A7
:2015000098000000001D00F00800000000B003F00400000098000000001D00F009000000C9
:2015200000B003F005000000A0000000001E00F000B503F00400000000000000001E00F09B
:2015400000B503F00700000001000000001E00F000C103F00200000002000000001E00F007
:2015600000C103F00300000002000000001E00F000B503F00200000004000000001E00F0E8
:2015800000B303F00300000098000000001E00F000B503F00500000098000000001E00F0A9
:2015A00000B503F00600000098000000001E00F000B303F00000000098000000001E00F08B
:2015C00000B303F00100000098000000001E00F000B503F00300000098000000001E00F06D
:2015E00000B503F006000000A8000000001E00F000B503F00800000098000000001E00F031
:201600000000000000B503F00200000098000000001E00F00100000000B403F002000000D0
:2016200098000000001E00F00200000000B403F00600000098000000001E00F003000000AC
:2016400000B403F00300000098000000001E00F00500000000B503F00100000098000000F4
:20166000001E00F00600000000D303F00D000000A0000000001E00F00700000000C003F01B
:201680000A000000A0000000001E00F00800000000C003F006000000A0000000001E00F023
:2016A0000900000000C003F003000000A0000000001F00F000A203F0050000000000000022
:2016C000001F00F000D303F00D00000003000000001F00F000C203F001000000040000005C
:2016E000001F00F000C103F00200000005000000001F00F000C103F0030000000500000055
:20170000001F00F000C203F003000000A0000000001F00F000A203F0060000009800000020
:20172000001F00F000B003F00600000098000000001F00F000C203F00000000098000000FD
:20174000001F00F000D303F00C00000098000000001F00F000C203F000000000A0000000AC
:20176000001F00F000C203F001000000A0000000001F00F000A203F00700000098000000C1
:20178000001F00F000C203F00300000098000000001F00F000D303F00B0000009800000072
:2017A000001F00F00000000000A203F00400000098000000001F00F00B00000000D303F009
:2017C0000A00000098000000001F00F00C00000000C203F00200000098000000001F00F0EE
:2017E0000D00000000C303F00100000098000000001F00F00100000000A203F000000000E8
:2018000098000000001F00F00100000000D303F00900000098000000001F00F002000000A8
:2018200000A203F00100000098000000001F00F00200000000D303F0080000009800000003
:20184000001F00F00300000000A203F00200000098000000001F00F00400000000A203F09F
:201860000300000098000000001F00F00500000000A203F00800000090000000001F00F07D
:201880000600000000A003F00800000090000000001F00F00700000000A003F00900000065
:2018A00090000000001F00F00700000000D303F00700000098000000001F00F00800000006
:2018C00000B003F00500000098000000001C00F000000000001D00F001000000001E00F0A0
:2018E00002000000001F00F003000000040017B7D138000000000000030017B7D13800001F
:2019000000000000020017B7D13800000000000003000000EC180080013B050017B75139CE
:2019200012011202FF0F3F0312221402FFFFFF0F020000000F000000010000000F000000B9
:20194000000000003F000000000000003F000000D5140000FF7F0000002D3101006003F0F0
:201960000000000000B503F00400000000000000006003F00100000000B403F003000000BD
:2019800000000000006003F00700000000C003F00900000000000000006003F006000000D8
:2019A00000B103F00A00000003000000006003F00400000000B503F005000000030000006F
:2019C000006003F00200000000A203F00100000001000000006003F00300000000B403F01E
:2019E0000100000001000000006003F00700000000B503F00100000002000000006003F08D
:201A00000500000000B503F00800000000000000006003F00200000000B003F00200000017
:201A200000000000006003F00300000000B003F00300000000000000006003F00300000054
:201A400000A203F00000000002000000006003F00200000000A003F0040000000200000001
:201A6000006003F00400000000D303F00700000000000000006003F00600000000C003F036
:201A80000000000000000000000000F000000000000100F001000000B0D10080BCD1008056
:201AA000C8D10080D4D10080E0D10080ECD10080F8D1008004D2008010D200801CD200800B
:201AC00028D2008034D2008040D200804CD2008058D2008064D2008070D200807CD20080E6
:201AE00088D2008094D20080A0D20080ACD20080B8D20080C4D20080D0D20080DCD20080C6
:201B0000E8D20080F4D2008000D300800CD3008018D3008024D3008030D300803CD300809F
:201B200048D3008054D3008060D300806CD3008078D3008084D3008090D300809CD300807D
:201B4000A8D30080B4D30080C0D30080CCD30080D8D30080E4D30080F0D30080FCD300805D
:201B600008D4008014D4008020D400802CD4008038D4008044D4008050D400805CD4008035
:201B800068D4008074D4008080D400808CD4008098D40080A4D40080B0D40080BCD4008015
:201BA000C8D40080D4D40080E0D40080ECD40080F8D4008004D5008010D500801CD50080F2
:201BC00028D5008034D5008040D500804CD5008058D5008064D5008070D500807CD50080CD
:201BE00088D5008094D50080A0D50080ACD50080B8D50080C4D50080D0D50080DCD50080AD
:201C0000E8D50080F4D5008000D600800CD6008018D6008024D6008030D600803CD6008086
:201C200048D6008054D6008060D600806CD6008078D6008084D6008090D600809CD6008064
:201C4000A8D60080B4D60080C0D60080CCD60080D8D60080E4D60080F0D60080FCD6008044
:201C600008D7008014D7008020D700802CD7008038D7008044D7008050D700805CD700801C
:201C800068D7008074D7008080D700808CD7008098D70080A4D70080B0D70080BCD70080FC
:201CA000C8D70080D4D70080E0D70080ECD70080F8D7008004D8008010D800801CD80080D9
:201CC00028D8008034D8008040D800804CD8008058D8008064D8008070D800807CD80080B4
:201CE00088D8008094D80080A0D80080AAD80080B4D80080BED80080C8D80080D2D80080B2
:201D0000DCD80080E6D80080F0D80080FAD8008004D900800ED9008018D9008022D9008007
:201D20002CD9008036D9008040D900804AD9008054D900805ED9008068D9008072D9008063
:201D40007CD9008086D900804E414E006E616E00494E4600696E660000020202020202028D
:201D60000202030101010102020202020202020202020202020202020204404040404040B0
:201D80004040404040404040402020202020202020202040404040404040888888888888D3
:201DA0000808080808080808080808080808080808080808404040404040909090909090A3
:201DC0001010101010101010101010101010101010101010404040400200000000000000C1
:201DE0000000000000000000000000000000000000000000000000000000000000000000E3
:201E00000000000000000000000000000000000000000000000000000000000000000000C2
:201E20000000000000000000000000000000000000000000000000000000000000000000A2
:201E400000000000000000000000000000000000000000000000000000E5A48DE78EB0E760
:201E6000BB93E69D9F210D0A00E5AD98E582A8E68890E58A9F210D0A000D0AE5BC80E5A779
:201E80008BE8AEB0E5BD95210D0A000D0A20494D55363630524320696E6974206572726F03
:201EA000722E000D0A20494D55363630524320696E69742072696768742E00E585B1E5AD42
:201EC00098E582A8E4BA8620256420E4B8AAE782B90D0A00E6B2A1E69C89E7A9BAE4BD9927
:201EE000E4BD8DE7BDAEE4BA86EFBC810D0A00E5BD93E5898D205265636F72645F496E64D2
:201F00006578203D2025640D0A00E5A48DE78EB0E5BC80E5A78BEFBC8CE7AD89E5BE8520B8
:201F2000312E35732E2E2E0D0A00E5819CE6ADA2E8AEB0E5BD95E5B9B6E58786E5A487E50A
:201F4000AD98E582A82E2E2E0D0A003E3E3E20E7AD89E5BE85E7BB93E69D9FEFBC8CE5BC3E
:201F600080E5A78BE5A594E8B791E590A70D0A00E5A48DE78EB0E6A8A1E5BC8FE8AFBBE578
:201F80008F96E4BA8620256420E4B8AAE68993E782B9E695B0E68DAE0D0A000D0A3E3E3E91
:201FA00020E5889DE5A78BE8A792E5BAA6E5B7B2E99481E5AE9A3A20252E32662C205049D7
:201FC0004420E5B7B2E5BC80E590AF0D0A00E5898D203320E4B8AAE68993E782B9E79A8416
:201FE000E8A792E5BAA63A205B305D3D252E32662C205B315D3D252E32662C205B325D3D41
:20200000252E32660D0A0066696C653A2025730066696C653A206D646B2F2573006C696EEC
:20202000653A202564000D0A66696C65202573206C696E652025643A2025732E0D0A000D34
:202040000A66696C65202573206C696E652025642E0D0A00417373657274206572726F72AC
:20206000004C6F67206D657373616765002E2E2F6C69627261726965732F7A665F636F6D44
:202080006D6F6E2F7A665F636F6D6D6F6E5F6669666F2E63002E2E2F6C6962726172696596
:2020A000732F7A665F636F6D6D6F6E2F7A665F636F6D6D6F6E5F66756E6374696F6E2E6369
:2020C000002E2E2F6C69627261726965732F7A665F6465766963652F7A665F646576696361
:2020E000655F626C65366132302E63002E2E2F6C69627261726965732F7A665F6465766901
:2021000063652F7A665F6465766963655F626C7565746F6F74685F6368393134312E63005A
:20212000524D43004747410054485300696D7536363072632073656C6620636865636B203B
:202140006572726F722E002E2E2F6C69627261726965732F7A665F6465766963652F7A66F2
:202160005F6465766963655F696D7536363072632E6300494D5536363052435F4143435F43
:2021800053414D504C455F44454641554C5420736574206572726F722E00494D55363630AE
:2021A00052435F4759524F5F53414D504C455F44454641554C5420736574206572726F72AF
:2021C0002E002E2E2F6C69627261726965732F7A665F6465766963652F7A665F6465766995
:2021E00063655F776966695F7370692E630000000000000000004552524F52002E2E2F6C4C
:2022000069627261726965732F7A665F6465766963652F7A665F6465766963655F7769660C
:20222000695F756172742E63006275737900000000000000000000000000000000000000C6
:20224000000000000000000000000000000041542B43495053454E444C3D0041542B4349E3
:202260005053454E443D00302C004F4B000D0A002E2E2F6C69627261726965732F7A665FE4
:202280006465766963652F7A665F6465766963655F776972656C6573735F756172742E6377
:2022A000002E2E2F6C69627261726965732F7A665F6472697665722F7A665F647269766554
:2022C000725F656E636F6465722E63002E2E2F6C69627261726965732F7A665F6472697651
:2022E00065722F7A665F6472697665725F657874692E63002E2E2F6C69627261726965731B
:202300002F7A665F6472697665722F7A665F6472697665725F666C6173682E63002E2E2F40
:202320006C69627261726965732F7A665F6472697665722F7A665F6472697665725F7077A6
:202340006D2E63002E2E2F6C69627261726965732F7A665F6472697665722F7A665F6472F9
:20236000697665725F7370692E63002E2E2F6C69627261726965732F7A665F64726976659B
:13238000722F7A665F6472697665725F756172742E630032
:0423980000A03CFF66
:1223A00073646820737468A0036568CA0BC300300090B5
:2023B8000F05D011174580010B00D0010F00B02142218B0101110F2010006B050020009017
:2023D8003256FF0626003B00FEFF3FF617000F6510308B0602601745802600903256FF06E8
:2023F80018003B00FEFF3FF60F000F6500308B060260174580260090A2F63705C13F0F65C0
:2024180010200090A2F682030F6500200090DA207FF60700174580360F6400200090A2F660
:2024380082020F6400300090820C822D3C130757FFCF8755BFDFCE57460546048B14804082
:202458008B05A050CE77460746068B1680608B07A07082028203820082013A260B2700F251
:202478006E023C4F0B6430F10B7500F20B75A0F26E04024002513C453A640B7500F26E032C
:2024980082123C3F3B0004E00B6030F10B7100F20B71A0F2DE1087559FFF06116701801F68
:2024B8008B1FE0060248025906156745805F0614C2FE3CEB0284029506F067101F0006F188
:2024D800C21E82087AE86E1D87559FFF06116701801F8B1FE0060B60C0A00B71D0B007BBDC
:2024F8009FFF06156745805F061406136723803F8B1FE0266E0302A002B1C2183FE8E67F28
:2025180076C7460346028B1280208B03A030DF2D0B00071DE0FF76F7460146008B1080000B
:202538008B01A01000903B00034040F440C5007074DF3B00034040C4007061000E00370A9B
:202558006800DA0A4BF011020070610006003BE0024040C4007054DFC21F74DF00703BB05F
:2025780002403B80265482066D004F5A3B3002403B80265482066D00485A3B40044082155F
:20259800820682376D00D6543B6004408215820682376D00CF543BA009403B2003508206AA
:2025B8006D00335A0090024F3B40044082156D0004553B30024002F56D00D25A0090024FEE
:2025D8003B40044082056D00F8543B30024002F56D00C65A0090024F3B60044082156D00EF
:2025F800EC543BB0024002F56D00BA5A0090024F3B60044082056D00E0543BB0024002F5D2
:202618006D00AE5A00906D00632A0090FF440B00538420F0910000F8D9FF1CB010FFD4F2DC
:202638003C02A0023C010090094F4C18161F3C0182003E0E82103E0E82203E0F8240BE008C
:202658003B800000BE003B000100BE003C1282023C126D0099203C0F6D00E21F3C0C6D003B
:2026780006203C096D006A1F3C066D00531F3C0382023C013C01009082F282003C175380D7
:2026980020F0910000F8D9FF1CB010FFD4FF7D4F0D80538020F0910000F8D9FF1CB010FF8B
:2026B800481F370F48203C04C210BF40EAFF3C010090404F40F46DFFB9FF09FFD408370F15
:2026D8006CF0C21F4B0F41F14BF251203C0100906DFFD4FF53C220F060FF9140003F30F3A8
:2026F800D93F002849F2080A3C0100906DFFC6FF53C220F060FF9140003F30F3D93200284D
:20271800B0423C0100906DFFB9FF53C220F060FF9140003F30F3D93200283C010090494F6F
:20273800081A3C0554FF345FB015C2F4FF14FCFF02423C0100902010404F0B541088026A7C
:2027580089A7080909FF4C18161F78033C0140F46DFFB1FFC2188B4860F3370F68F074AFB6
:202778008B1A60F3370F68F0780154AF4B0F61F14BF941503BF026F19B3FA8F34BF5413046
:2027980082044B5251004B00716182108F461FF06E0D7B0018144B1941104B1251104B0139
:2027B80071118F411FF06E023C010269821882074B0061014B0241F04B0661014B0F5100DC
:2027D8006B0031F582014B1F01F0AE046B0031B53C056B0031F567FFBFBF4B3B01F0160329
:2027F8008B0F20F26E028214822D3C39DF2D05808210821E3C0773D70A004B8011028B1018
:2028180000E03C234B0D61A14BA241A0036D0AC04B0C61F14BFA51C06B0C31F5820A4BAFDD
:2028380001F0AE046B0C31A53C056B0C31F567FFBFAF4BAB01F0370F61F16E0602AB02D864
:20285800036D0A900207C2107F0EDEFF4B3B01F016038B0F20F26E023C09C21DF647736D24
:202878000AF03BF0FF007FF0C3FF820440F46D00360009FFE00837097000370F0CF089FF24
:20289800A00809FFE20837087000370F0CF089FFA20809F0560854AFC2FF370F68F037F083
:2028B80004F089FF160809F05708580137F004F089FF170858026E03DA013C02DA0009F03C
:2028D800570837F081F389FF170840F409A40C096D00050082123C010090094F4C18374F34
:2028F80005F0894F0C18F6493C01094F4F18370FE1F33C01EEFB3C093C01094F4F18370FCD
:20291800E1F33C01DF1FFBFF0090494F041A3C05145F74FFB015C2F4FF14FCFF02423C011F
:2029380000902008F4A4405DD4DFF44F40F46D00E00B820440F46DFFD2FFDA0009F05A08E4
:2029580037F002F089FF1A0809DFC80809F0D408C2FF370F70F037F00CF0ACFA09D46C088E
:2029780040F46DFFBCFF09D4040909D54A0809D64D0809D74C0840F46DFFDFFE0228820435
:2029980040F46DFFACFF09DF7C086E0382103C028200087F370F01F22CF709DF56086E030B
:2029B800DA013C02DA0009F05B0837F001F389FF1B0809DF540809F05B0837F081F389FF27
:2029D8001B0809DF510809F0590837F083F089FF190809DF530809F05B0837F001F289FF9D
:2029F8001B0809DF550809F05C0837F004F089FF1C0809D0580808CF370F02F32CFC09DFD8
:202A1800590809F0500837F002F389FF100809DF500809F0D80837F003F3ACFC09D05A0817
:202A380008DF8BF0200337006800370F04F02CFD09DF5B0809F051088BFF20F3370F68F01F
:202A580037F004F089FF110809DF520809F05A0837F002F089FF1A0809DCA809BD0C79006A
:202A7800D4CEBD0E280009C0040809C95D084CE16E2109E4840909E44808370068506D00CE
:202A9800460E09E4840909E4480802956D00710ED4E2DA016E0382103C0282000C27370FC3
:202AB80081F22C27D4E20CEC0920460837F002F02C2609CE8809BD0E1E0009C00C0809C9A8
:202AD8005D084CE16E1709E4840909E44808370068506D001C0E09E4840909E4480802953C
:202AF8006D00470ED4E20CEC0920440837F003F02C2409CE9009BD0E150009C5540809C923
:202B18005D0809E4840909E448080CECA6F56D00FE0D09E4840909E4480802956D00290E84
:202B380009CE9809BD0E150009C55C0809C95D0809E4840909E448080CECA6F56D00E70D11
:202B580009E4840909E4480802956D00120E09D46C0840F46DFFC3FEDA0089FF001982FFD4
:202B78006CFFDA00D4A22C2E09DF6D082E0CDA016E03DA013C02DA0009F0421837F001F0E7
:202B980089FF021809DF6D082E1CDA016E03DA013C02DA0009F0421837F001F189FF021887
:202BB80009DF6D082E2CDA016E03DA013C02DA0009F0431837F001F189FF031809DF6D089A
:202BD8002E3CDA016E03DA013C02DA0009F0431837F081F189FF031809DF6D082E4CDA01F2
:202BF8006E03DA013C02DA0009F0431837F001F389FF0318DA002C2DDA002C2C09DF7D0875
:202C18002C2FD20089205409DA006C240C2F82003E0482103E043C0682193C063BC0009082
:202C38003C0382093C014CDC6E0C09D4B00909D4AE0802956D00D024D4A4894284093C099D
:202C580009D4AE0802956D00B324D4A4894284094CDE6E0C09D4B80909D4B40802956D003F
:202C7800BB24D4A4894288093C0909D4B40802956D009E24D4A48942880909D9660809DFD9
:202C9800E208EE03DF39228040F46DFF31FD09DFE2081420370F68F037F008F0342F0C2166
:202CB800379F82F12C210C2396022C23DA016E03DA013C02DA0009F0431837F001F289FF1B
:202CD80003180C2196042C2109DFE008EE03DF39228040F46DFF19FD09DFE0081420370F32
:202CF80068F037F008F0342F0C21379F82F12C210C2396022C23DA016E03DA013C02DA00CA
:202D180009F0431837F081F389FF03180C2196042C2109DFE4086E2140F46DFFDBFC09DF33
:202D3800E4081420370F68F037F008F0342F0C21379F82F12C210C2396022C23DA016E0316
:202D5800DA013C02DA0009F0421837F001F089FF02180C2196042C21DA016E03DA013C02E2
:202D7800DA0009F0500837F081F089FF1008DA016E0382103C02820008CF370F81F02CFC84
:202D980009FF5008960189FF100808CF96012CFC02823C010090F445DA00894F3C08DA0193
:202DB800894F2C08DA01AC447B107EF46C41DA032C4ADA002C4CDA032C4DDA00894F1008B5
:202DD800DA01894F1108DA01894F1208DA00894F1308DA00894F1608DA00894F1408DA07F6
:202DF800894F1508DA01894F1808DA01894F1908DA00894F1A08DA00894F1B08DA00894FC4
:202E18001C08DA00894FA208DA00894FA008DA00894FA408DA00894F2608DAFF894F2D089C
:202E3800A00FEC4AA00FEC4EA00FEC4CDA00894FAE08DA00894FB408DA00894F3D08009068
:202E5800D44F09FF760816013C016E0909FF7E08960189FF3E080C4E96012C4E09FF760802
:202E7800370F61F13C016E0909FF7E08960489FF3E080C4E96022C4E09FF7708370F61F16D
:202E98003C016E0909FF7F08960489FF3F080C4E96042C4E09FF7708370FE1F13C016E09AD
:202EB80009FF7F08960889FF3F080C4E96082C4E09FF7708370F61F33C016E0909FF7F0828
:202ED800964089FF3F080C4E96102C4E0090404F6D002922022F02F46D002521821074F014
:202EF80002F46D0040223C0114FF370FE1F0BA0F3C01DF1FFB7F0090404F6D001422022F1D
:202F180002F46D00102114F0B700010034F002F46D0029223C0114FF370FE1F0BA0F3C010A
:202F38006EFB0090FF240B00538420F0910000F8D9FF20D010FFD4F23C02A0023C01009098
:202F580082F282003C17538020F0910000F8D9FF20D010FFD4FF7D4F0D80538020F091002D
:202F780000F8D9FF20D010FF481F370F48203C04C210BF20EAFF3C01009002486DFFE2FF17
:202F9800914000FFD9FF6008530221F010FF534820F010F23C0100907643DF140980094F8D
:202FB8006C28375F02F0894F2C283C42DF240400DF340980094F6C28375F02F1894F2C28EF
:202FD8003C37DF440400DF540980094F6C28375F02F2894F2C283C2CDA0C7E48094F6C28E1
:202FF800375F02F3894F2C283C23DA0A3E43DA0D7E48094F6D28375F02F0894F2D283C189B
:20301800DF640400DF740980094F6D28375F02F1894F2D283C0DDA083E43DA097E48094F25
:203038006D28375F02F2894F2D283C0200A00090404F0B451088026A6D00A61B022B4B8BAA
:2030580051406D006124022082033C0782224B200102F6023C05C213DA103FF3F9FFDA10CD
:203078007FF34B8076A682204B0911029AF03C029AF9370F700009F1E4083701100089F01E
:20309800A408DA018200820137F101133701011789F138198F7300F18200538020108270CB
:2030B8000F10000009F2301982F4C64026020F1F00F0A6F289F230198F8300F18B0F20F2C8
:2030D8006E0DDA00538F20F0C23F82100FF0000009FF3019A60F89FF301909FF701837AFB2
:2030F80081F389FF3018DA010F3F00F04B0F61F14BFB51203C0282023C01009009405408C4
:203118000C5C8B4FA0F237F001F3894F1408094051080C5C37F002F3894F11080090404F7E
:20313800024F02586D00301B02294BF951406D00EB23022082033C0782224B200102F602A5
:203158003C05C213DA103FF3F9FFDA107FF33F80C2F83708700009F1D4183701100089F002
:203178009418820082118202370201233712012789F238198F7300F18210538020108270DE
:203198000F10000009F2301982F4C64026020F1F00F0A6F289F230198F8300F18B0F20F2E7
:2031B8006E0DDA01538F20F0C23F82100FF0000009FF3019A60F89FF3019DA010F3F00F02D
:2031D8004B0F61F14BF951203C0282023C010090094054080C5C8B4FA0F237F081F3894FFB
:2031F8001408094054080C5C37F002F0894F14080090404D405FC86C89DC900914CF370F6A
:20321800E1F0BA0F3C01EE0440C46DFF77FE09FF5C081E1409FF5D086E5CDA0182100FF0A7
:2032380000004CC1260F6E03DA013C02DA003C01EE08DA0182100FF000004CC1A60F6CC142
:2032580009FF69086E2248BF6E05C864C8B56DFFC1FFDA0109F07008532F2010C221823269
:203278000F1200204CC582F3C632262F0F100000A60F6CC5483F370F70F009C0D41837F014
:2032980010F089CF94183C064824483540C46DFF48FF09FFF80809C0D01837F010F089CFF8
:2032B800901809FF5D186E1409FF5D08EE1109FF7A0809C0741837F003F189CF341809FF3D
:2032D8007B0809C0741837F082F289CF34183C0109FF5C086E0709FF5D18EE0409FF5D08C5
:2032F8006E644818820182100F1000004CC126F07603DA013C02DA003C01EE088200821179
:203318000F0100104CC1A61F6CC109FF5D186E0B09FF5D08EE08484F6E0609FF7A085E52D8
:2033380048483C0109FF60086E31489F6E05C864C8956DFFE5FEDA0009F06808532F20F092
:203358009221DA030F1F00204CC582F3C632262F0F100000A60F6CC509FF740809C07018CA
:2033780037F081F389CF301809FF74085E16DA024BF811028BF01F80370870F009C0E40862
:2033980037F010F089CFA4083C0854F409F6740840C402856DFF4EFE09FFF60809C0E008E9
:2033B80037F010F089CFA00809FEA019BD0E2300D4ECBCCF09EF080809C4840909C4480856
:2033D800370F68506D00A309D4C440C56DFF98FE09EC8409BCCF09EF080809C4840909C4E3
:2033F8004808370F68506D009209D4C440C56DFFF1FE09FFFE086E2CC86209F07C08DA013D
:203418000F0F00F009203029A6F089203029C86409F47C0809F57D086DFFC0FDC86409F4EA
:203438007D086DFFACFD09F0401809FFFE081421370F68F037F108F0342F0C21370F82F13F
:203458002C210C2396022C230C2196042C2109FFC4186E2CC86209F04218DA010F0F00F0F9
:2034780009203029A6F089203029C86409F4421809F543186DFF92FDC86409F443186DFF53
:203498007EFD09F0461809FFC4181421370F68F037F108F0342F0C21370F82F12C210C23A6
:2034B80096022C230C2196042C2109FFCA186E2CC86209F04818DA010F0F00F00920302987
:2034D800A6F089203029C86409F4481809F549186DFF64FDC86409F449186DFF50FD09F04B
:2034F8004C1809FFCA181421370F68F037F108F0342F0C21370F82F12C210C2396022C23C7
:203518000C2196042C2109FFD0186E2CC86209F04E18DA010F0F00F009203029A6F08920C2
:203538003029C86409F44E1809F54F186DFF36FDC86409F44F186DFF22FD09F0521809FF01
:20355800D0181421370F68F037F108F0342F0C21370F82F12C210C2396022C230C21960405
:203578002C2109FF5C0889DF140849FF141A49D2180AA02444FF642FFC4E009020689100B6
:2035980000F8D9FF3CB049FF000A49A2000AC506180044FF642FFC6E49AF000A4942000A56
:2035B800C506180044FF642FFC6E894598090090404F09FF5408DF1F3780C842DA008210B3
:2035D800820137F10113370101178921381909FF6108EE28487F6E1BC842821009FF6008E6
:2035F800532020008B80001082300F1000000922341982F3C63026020F1F00F0A6F28922C8
:203618003419C844C8756DFFE5FD3C0BC842DA008210820137F181103701811489213819ED
:203638003C013C0109FF54086E0409FF61086E32C842DA018200820137F10113370101179B
:2036580089213819486F6E1BC842820009FF6008532020008B80001082300F100000092271
:20367800341982F3C63026020F1F00F0A6F289223419C844C8656DFF43FD3C0BC84FDA0186
:203698008200820137F181103701811489F138193C010090404F40F46D002F0082504DC0B1
:2036B800E1FF16073C013E289110003030F3D933C04F54313C034D00D01F3701E2F05E13C8
:2036D80082003C173701E2F0EE13534220F060FF9130003F30F3D93F1436081F16075E13B4
:2036F80082103C05081F16075E3282203C02825002023C010090822282003C17538020F02C
:20371800910000F8D9FF30D010FFD4FF7D4F0D80538020F0910000F8D9FF30D010FF481F3B
:20373800370F68203C04C210BF20EAFF3C010090404F024F40F46DFFE0FF02286E031E32B2
:203758005E4382093C0282195E23821A3C02820ADF1949804DC0E1FF16073C015F8F280047
:203778006D00F51D022802846D00051D913000CFD9CC143640F46DFFC0FF534220F010C21E
:20379800142F37AF02F0342F02846D00131E9110003030F3D933C04F543FB72F82F09110D4
:2037B800003030F3D933C04F743F3C1C6D00BB1D022B02B46D00B71C913000FFD9FF14362E
:2037D800534820F010FF9130002FD9221436534820F01022142F37AF02F034FF02B46D0094
:2037F800C21D02923C01009082124DC0E1FF16073C01FF2F0B80538F20F0910000F8D9FF8A
:2038180030D010FFD4FF3C02A00F3C017DF4048082023C109110003030434933088A543FDA
:2038380006F4374F9FF09110003030434933088A743F3C010090404FDA0140F46DFFD6FFB0
:20385800262F40F46DFF28FFF626821440F46DFF71FF262F02F23C010090913000FFD9FFC4
:20387800004654FF370F6EF18FFF83813C01911000A7D9AA408F0D0080043B0098F0CD4F19
:20389800E00F0D00C0044D00E0FFB70F14F0CD0FE00F0D00C00482117617DA009601CD4F11
:2038B80020090D00C0044DC0E1FF8F7F00213C01913000FFD9FF004653C220F010FF54F047
:2038D80037006E018FF083313C01913000FFD9FF004653C220F010FF54FF2E1B8F2320F04A
:2038F800960154F0370070088F002100A6F074F08F2320F0960254F0370070088F0021007F
:20391800A60F74FF3C0154FF1601DF1FFE7FDA00761382003C028210370F81F0CDCF200914
:203938000D00C004913000FFD9FF004653C220F010FF54FF2E1B8F2320F0960154F037001C
:2039580070088F002100A60F74FF86238F3340F154F0370070088F002100A60F74FF3C015B
:2039780054FF6F0FFF7F0D00C00482114DC0E1FF8F7F00213C01913000FFD9FF004653C230
:2039980020F010FF54F037006E018FF083313C01913000FFD9FF004653C220F010FF54FF31
:2039B8002E1B8F2320F0960154F0370070088F002100A6F074F08F2320F0960254F03700DB
:2039D80070088F002100A60F74FF3C0154FF1601DF1FFE7FDA00761382003C028210370F62
:2039F80081F0CD0F04090D00C004913000FFD9FF004653C220F010FF54FF2E1B8F2320F014
:203A1800960154F0370070088F002100A60F74FF86238F3340F154F0370070088F002100ED
:203A3800A60F74FF3C0154FF6F0FFF7F0D00C004913000FFD9FF004654FF2E1B8F2820F0A8
:203A5800960154F0370070088F002100A60F74FF8F2820F0960254F0370070088F002100EA
:203A7800A60F74FF3C0154FF1601DF1FFE7F910000F8D9FF004080FFCD4FE20F0D00C004E6
:203A980091F000F8D9FF000480FFCD0FE20F0D00C004911000F7D9FF80CF80FFCD8FE20F11
:203AB8000D00C004913000FFD9FF004654FF2E1B8F2820F0960154F0370070088F002100A2
:203AD800A60F74FF8F2820F0960354F0370070088F002100A60F74FF3C0154FF6F0FFF7FEF
:203AF80091000000D900000091000010D911000091000080D988000091000090D9990000B4
:203B1800911000F7D9FFC00F91100027D922C001A004802080FFA2F0DA404BF0114282004B
:203B38003C1E80FFB70F1CF08F4F1F1080FFBBF0FF2F0662262F06AFA6F1F606CD81E30F18
:203B58000D00C0043C0274419AD47E05CDC1E30F0D00C00440F449FF001AC2103F40E3FF7E
:203B7800DA00744F6D00F31B022F02846D00321B02F46D00731B6DFF48F56D00E81B9130D9
:203B980000FF19FF30366F1F12008F2220F09601913000FF19F03036370070088F0021000A
:203BB800A60F913000FF59FF303686228F2240F1913000FF19F03036370070088F002100A2
:203BD800A60F913000FF59FF30363C01913000FF19FF30361601DF1FFB7FDA00913000FFF6
:203BF80059FF181691000048D94490416D004A169130884F910000F8D9FFE60380F46DFFD1
:203C18001CFE911000F8D9FF5289DC0F0090913000FFD9FF0C4654FF370F6EF18FFF8311A7
:203C38003C01912000A6D9AA408B0D0080043B0098F0CD4FE00F0D00C0044D00E0FFB70F68
:203C580014F0CD0FE00F0D00C00482127627DA009601CD4F20090D00C0044DC0E1FF8F7FF9
:203C780000313C01913000FFD9FF004653C320F010FF54F037006E018FF083413C01913080
:203C980000FFD9FF004653C320F010FF54FF2E1B8F2420F0960154F0370070088F00210021
:203CB800A6F074F08F2420F0960254F0370070088F002100A60F74FF3C0154FF1601DF1F27
:203CD800FE7FDA00762382003C028210370F81F0CDCF20090D00C004913000FFD9FF00465F
:203CF80053C320F010FF54FF2E1B8F2420F0960154F0370070088F002100A60F74FF86240C
:203D18008F3440F154F0370070088F002100A60F74FF3C0154FF6F0FFF7F0D00C0048212DB
:203D38004DC0E1FF8F7F00313C01913000FFD9FF004653C320F010FF54F037006E018FF086
:203D580083413C01913000FFD9FF004653C320F010FF54FF2E1B8F2420F0960154F03700C6
:203D780070088F002100A6F074F08F2420F0960254F0370070088F002100A60F74FF3C01A6
:203D980054FF1601DF1FFE7FDA00762382003C028210370F81F0CD0F04090D00C00491302F
:203DB80000FFD9FF004653C320F010FF54FF2E1B8F2420F0960154F0370070088F00210000
:203DD800A60F74FF86248F3440F154F0370070088F002100A60F74FF3C0154FF6F0FFF7FAE
:203DF8000D00C004913000FFD9FF0C4654FF2E1B8F2120F0960154F0370070088F0021005A
:203E1800A60F74FF8F2120F0960254F0370070088F002100A60F74FF3C0154FF1601DF1F9A
:203E3800FE7F91F000F8D9FF000680FFCD4FE20F0D00C00491F000F8D9FF000480FFCD0F89
:203E5800E20F0D00C004912000F6D9FF80CB80FFCD8FE20F0D00C004913000FFD9FF0C4637
:203E780054FF2E1B8F2120F0960154F0370070088F002100A60F74FF86218F3140F154F090
:203E9800370070088F002100A60F74FF3C0154FF6F0FFF7F91000000D900000091000010EC
:203EB800D911000091000080D988000091000090D9990000912000F6D9FFC00B91200026DA
:203ED800D922C00DA004802080FFA2F0DA404BF0114282003C1E80FFB70F1CF08F4F1F10CB
:203EF80080FFBBF0FF2F0662262F06AFA6F1F606CD81E30F0D00C0043C0274419AD47E0558
:203F1800CDC1E30F0D00C00440F449FF001AC2103F40E3FFDA00744F911000F8D9FFE0B9C8
:203F3800DC0F0090DA000950DA08370F0EF009505C08370F03F809505D08370F81F90950C0
:203F58005E08370F01FA09505F08370F83FA09506108370F01FE09506008370F03FC6C4561
:203F7800820109506408370103100950650837018111095066083701041409506B083701EB
:203F9800011A09506708370103120950680837018113095069083701041609506C08370123
:203FB800811A09506A083701041809506D083701011B09506E083701011C09506F083701E1
:203FD800811C095F70086E0382203C028200095F71086E03DA013C02DA00A6F03701021D47
:203FF800095F720837F1041E095F730837F1811B89411009095F06096C42095F0A096C43A4
:20401800095F16096C41095F1209744F095F6A086E0A095F6A081E17095F6A081E24095F29
:204038000E096C460090F4450090404F405CD4C2D42DF4FD09CF04082CF409CF0408530F49
:2040580022F010D2D9220002E822C82440C56DFF6BFF820009CF63086E05DA0137F0010843
:204078003C04DA0137F0810809FF0408534F20F010D25920C08109CFF4086E22D4F209FFC9
:204098000408BC21534F20F060FF9140003F30F3D93F40483C0109C0760809CFF40814F1DE
:2040B800370F68F037F108F034FF081F370F82F12CF1083F96022CF3081F96042CF100908E
:2040D8002038910000F8D9FF00E049FF000A49A2000AA0D644FF642FFC6E49AF000A4942A5
:2040F800000AA0D644FF642FFC6EF4450090404F6D001919022F02F46D00151814F0B70075
:20411800010034F002F46D002E190090404C025809C488090CCC3704685002F46D00F702BD
:2041380009C4880909C44C0802856D0022030CC482203E0B8230BE018240BE078250BE0D7F
:2041580082605F0F23003C29D4CF09C05008084F370F81F02CF43C22D4CF09C05008084F04
:20417800370F02F22CF43C1AD4CF09C05008085F370F02F02CF53C12D4CF09C05008085F7A
:20419800370F81F12CF53C0AD4CF09C05008085F370F81F22CF53C023C010090404C0258F2
:2041B80009C488090CCC3704685002F46D00AF0209C4880909C44C0802856D00DA020CC48B
:2041D80082203E0B8230BE018240BE078250BE0D82605F0F23003C29D4CF09C05008084F54
:2041F800370F01F02CF43C22D4CF09C05008084F370F02F12CF43C1AD4CF09C05008084F0D
:20421800370F02F32CF43C12D4CF09C05008085F370F01F12CF53C0AD4CF09C05008085FE8
:20423800370F01F22CF53C023C010090404F6D007A18022F02F46D00761791A0003030F3CE
:20425800D933C04F5430B700010091A0003030F3D933C04F743002F46D00851800906D00AF
:204278007B12913000FF39FF3506370F64F24B0F41F14BF251203C013C01009037046800E3
:20429800DA084BF00102DA0203F10AF6370F68F0DF15068082220FF210203C0482120FF254
:2042B80010203C010090404F026F82066DFFE8FF6E04681268223C0268120090404F026F50
:2042D80082066DFFDDFF6E04684268523C0268420090404F3B0001606DFFD2FF74F200904A
:2042F800404F024F0269820602F46DFFC9FF02283B0001600BF910486DFFC2FF8F0201F0D8
:20431800A6F868680090DA01744F0090804F53042800420F60FF3C0148423C010090BC41CA
:20433800DA024BF50102534020F053042100600F9140003F30F3D93FC06910F23C01009079
:20435800804F53042800420F60FF3C0168550090804F53042800420F60FF3C016835009055
:20437800804F53042800420F60FF3C0168450090804F53042800420F60FF3C016825009055
:20439800804F53042800420F60FF3C01481F375F02F06CF10090804F53042800420F60FFF0
:2043B8003C014890DA006CF948BF375F02F06CFB68907663DA013C02DA0037F001F07673D6
:2043D80082103C028200370F81F06CF90090804F53042800420F60FF3C01DF150480821082
:2043F8003C028200481F370F81F56CF10090404C405F8218D4F2F4C2084F2CC4084F3B00BB
:204418008000E20FD4F21022911000303023D93D000D89CD880909FF05082CC549DE001AA6
:2044380089CE8C0909FF52085E1709F40508821540E46DFF50FF09F405088215821640E4C4
:204458006DFF50FF09F4050809F5500840D46DFFC0FF09F40508086540D46DFF93FF487F9A
:204478006E08C87409F4600809F561086D00240109FF54081E1509FF5508DF1F278009F476
:20449800050809F5560809F6540809F7550840D46DFF83FFD4F4084409F505086DFF41FF16
:2044B80009F0570809FFD8081421370F68F037F108F0342F0C21370F82F12C210C23960254
:2044D8002C230C2196042C2109FF52085E1E09F40508482540D46DFF4DFF09F405084835B9
:2044F80040D46DFF37FF3C0D09F40508482540D46DFF38FF09F40508483540D46DFF22FF4F
:2045180009F405088215820640E46DFFCEFE09F405088215820640E46DFFD2FE09FF530812
:204538005E1509C48C096DFFF0FE02823C010090F445DA002C44DA002C45DA146C42DA0A95
:204558006C43DA01894F1008DA022C46DA00894F1108DA00894F1208DA01894F1308DA003C
:20457800894F1408DA00894F1508DA02894F1608DA00894F1708DA00AC4CA00FEC47DA80AF
:20459800894F2008DA00894F21080090404F024FC83409F40508821502F66DFF86FEC83437
:2045B80009F40508821502F66DFF8AFEC8346DFFACFE0090404F024FC83409F40508820547
:2045D80002F66DFF72FEC83409F40508820502F66DFF76FEC8346DFF98FE0090594400C09F
:2045F8000090194F08C0370F78F04B0F41F1194004C0370078004B0041014B0F51F06D0048
:2046180006004BF241203C0100906DFF2AFE3C010090404F0B54108840F46DFFE4FF4B82DA
:2046380051007B00F8136B0131004B0071814B0861116B0131007B00F0134B1001F0370F3F
:2046580061F16E02C2186D006E16022A02A46D006A15DA00BE90DA013E9EDA023E9CDA0385
:204678003E9ADA043E98DA053E96DA06BE91DA07BE963C1C534920F010F2534920F010FFBE
:2046980019FF0CC0378F18F0592F0CC03C1019FF24C0378F18F059FF24C03C0919FF28C065
:2046B800378F18F059FF28C03C023C0102A46D005A160090404F0258481F8FCF1F00481F12
:2046D800160F532F2020082F0F2F001082330F23003091A0012FD922F04F534020F01022CF
:2046F800542F82F0C630260F2631A61F742FC82408CF09F55008A64502F46D000800C82468
:2047180008C402856D0035000090404F0B4510A849FC100A82404B0A01828F3A00F1538FD0
:2047380020C09140002FD922000E7D2F15806D00FA15022F02F46D00F61409F02019821158
:204758000FA1101082F2C621261089F0201902F46D000916534820F010CFDAFF0FCF00F07B
:204778000FCB10B002F302B249F240080090404F0B4510886D00D715022A02A46D00D314D5
:2047980049FF001ADA084BF801028F7800F1534F2040534020F010FFDA0F0F4F00F00F493C
:2047B800109002F3029249F2400802A46D00DB1500902020404CDA084BF401826D00F20EC5
:2047D800534920F010A2534920F010CF488F742F09CF500816FFC21F4B0F41F14BF251001E
:2047F800534920F010AF14FF163FC21F4B0F41F14BF05100534920F010AF14FF370F62F3BC
:204818009211534920F010AF081F160342F1534920F010AF081F370F62F142F14B0141F123
:204838004BF051203C01009020080248405F3705E8FB8B0F20F26E01820949A6000A028492
:2048580040F56D003900DA0037F9019014AF37F983900CA137F903920CA237F983930CA3AF
:2048780037F903950CA437F983960CA537F90398081FAE63DA003C02DA0137F98199DA0094
:2048980037F9019A14FFAE53DA003C02DA0137F9819ADA0037F9019B09FFC008370F66F3CE
:2048B800C2FF370F70F037F9859B3789049E02923C010090406C82088209DA084BF4012261
:2048D800094F500816FF9210534320F0104F09FF6008163FC21FE2F0534320F0104F09FFCF
:2048F8006008370F62F39211534320F0104F09FF6108160342F1534320F0104F09FF6108C2
:20491800370F62F142F173100AA0B025405D820B3C4E534B20F010DF54FFE2AF4B0F61F1D0
:204938007B0000044B0F51C0820D820E3C328210532E20F00FF010004B0041F14BFC51F0B1
:204958007B00F0036B00214F6D00B017FF922180532E20F00FF210F04B0F41F14BCF01F067
:2049780016068B0F20F26E09C2F28B0240F3370F689002E8821D3C0FFF820B809A12C2FFE1
:204998008B0F40F3370F689002E8821D3C04C21EBF8ECFFFF6D382798278532B20F010CF05
:2049B8002819532B20F010CF34F8C21BBF3BB3FF0090404C405F7641820854CF6E016D0081
:2049D800F10D3C0109CF500816FFC21F4B0F41F14BF251F03C017B00F8034BF0513048108D
:2049F8003B800040821502463700E81BBA016E037B00F8037B00F8134B0151703B00409249
:204A18009B499794024A3C4D4B0A41014B0341004B0751107B00F0236B0221114B0131B166
:204A3800DA407FBF05003B0004B03C0973AB0A10FF410400822B3C034EB2821B4B0B411120
:204A58004B1041006B07311082024B2101F0AE046B0731003C056B0731F067FFBF0F4B90D6
:204A780001F06F2F1E804B9001F0AE264B9001F0AE036F060580020902A602B56F0611806A
:204A9800DA004BF001F0AE27DA004BF001F0370F61F06E03DA003C02DA016E023C04C2FAB6
:204AB800FF2AB47F3F5409006F0607006F050580025F026502F6DA024BF601229AD2370FBF
:204AD8004800C2F5370568F037F80680DA024BF601421A52C2FF370F68F037F802838E0306
:204AF800020F3C02DA0037F802858E0382323C01370268F037F80284088FAE43DA013C0256
:204B1800DA0037F80186088FAE33DA003C02DA0137F88186089F370FE1F237F80187028251
:204B38003C0100900248BC416D003C0DDA004BF801F0AE217B0008F44BF841F04BF251003D
:204B58004B0031F14B0F41F16B0F31F07B00F0134B1F01F0AE244B0031F13C044B0031F1E4
:204B7800C21F8B1F40134B0161F14BF251F06B0F31F882004B0F01F0AE084B0161F14BF222
:204B980051F06B0F31583C094B0161F14BF251F06B0F31F867FFBF5F82463C2C4B0661F15E
:204BB8004BF841F04BF251F07B00F0036B0021FF4B0F710173600AF04B0F61F14BF25130EF
:204BD8006B0331F882044B4F01F0AE046B0331383C056B0331F867FFBF3F4B5301F0AE24EF
:204BF8007603023502013705E8FB6E02F6023C06C2163B801FF07F6FD3FFC2F18B0140231D
:204C18003C010090FF440B00538420F0910000F8D9FF8C3110FFD4F23C02A0023C010090DA
:204C380082F282003C17538020F0910000F8D9FF8C3110FFD4FF7D4F0D80538020F0910063
:204C580000F8D9FF8C3110FF481F370F48203C04C210BF40EAFF3C010090494F102A3C05B1
:204C780054FFB45FB025C2F4FF14FC7F0090494F102A3C0554FF745FB045C2F4FF14FC7F9B
:204C98000090494F102A3C0554FF345FB015C2F4FF14FC7F0090DA010F4F10F0370F70F0FB
:204CB80009410819765737017008A6F0370110183C083701700882F2C6F226203701101838
:204CD800766737017000A6F0370110103C083701700082F2C62F26F037011010894108199B
:204CF8000090DA084BF40102534120F0104F49FF241A3C06095FC00874FFB025C2F5FF15DA
:204D1800FB7F0090DA084BF40102534120F0104F49FF241A3C05545F74FFB045C2F5FF159D
:204D3800FC7F0090DA084BF40102534120F0104F49FF241A3C05145F74FFB015C2F5FF15EC
:204D5800FC7F0090094F4518EE047B1000F03C02DA01CC4D094078080F0F10F06CF1009008
:204D7800094288093C010090094F4518EE03DA013C037B1000F0CC4D094078080F0F10F037
:204D98006CF10090404F405C406D0248D4FE40E46D008F050229DF093680ECE2084F960170
:204DB8002CF4E84CA8A8821089F00718E86DA8E848FF6E05C8F240F42D02000009FF4918E8
:204DD8001E1409FF49185E3540F46D0047093C1A09FF4918DE4209E2A80909E4A809094F2B
:204DF800D818C2F837087000370F10F0892F981840F46D0033093C06C8AF09E488092D0F44
:204E1800000002923C01009082020C44AE04D44F481F6E0282123C0100902010404C405DDF
:204E3800D4D2D42FF802C8AFF801D4DFF4CF0CC4B70F01F02CC409DF640889CF081809DFA6
:204E5800650889CF091809DF260989CF0C1909DF2A0989CF10190CD8370F61F1D80109F0D6
:204E7800510837F0010389F0110849DF1C0AF4AF5E1754FFEE05DA0089CF04183C07CCD724
:204E9800481F370F68F089CF041809C04418DA084BF00182534920F009A48409104F0294E1
:204EB80040D56DFF88FD022F6CF809C4441849D5080A4CD109A4840902F56DFFB7FC022F48
:204ED8006CCC821009CF44180FF000008F0001100CD9AE43DA003C02DA0109C444180F4FCD
:204EF80010F0D80149FF081A8F000140A640A6F10203021249F2400809CF7308370F64F27F
:204F18008F7F004109A484096DFF55FC4B0231F189CF0A09D4AF54FFEE07A00FECCFA00F75
:204F380089CF80193C46D4FF09F2C80989C2F4090CD9370F61F289CF05180CD86F1F2280F8
:204F5800910000F8D9FFDC54ECCF910000F8D9FFC06489CF801940C46DFF08FFD4AFD4FFAA
:204F780009D5600809DA6108DA80C82408C4A6F56DFFCDFBC82408C402A56DFFFAFB3C1991
:204F9800A00FECCFA00F89CF8019D4A2D42F09D5600809DA6108D422092F5008C82408C4A6
:204FB800A6F56DFFB4FBC82408C402A56DFFE1FB09DFC808370F66F389CF0618910000F826
:204FD800D9FF8A65ECCA910000F8D9FF9835ECCBD80209FF46186E119110002F09F00518B2
:204FF800534920F0D80110FF49FF241A530022F0102280FF592F0C0282023C010090404CF6
:2050180040C46D00D613A00FECC7DA8089CF2008DA0089CF2108A00FECC7DA0089CF2008CB
:20503800DA0089CF2408DA0289CF250882FF89CF2609DA0089CF2A0900902040404C405D13
:20505800CCD5F80F6D006F11022802846D006B1014FFB70F01F034FF09DF58086E03DA007B
:205078003C02DA0114F037F081F134FF02846D007A11820809D4100909A4BC096DFF54FD02
:20509800370268F037F80880DA0F37F80485DA0037F8828C09DF59086E03DA013C02DA004B
:2050B80037F8818DDA0137F8048E68484CD489CF0819820009DFC6086E043BF01FF03C0294
:2050D800DA0037F00900820109DFC408EE0409DF66086E02821137108104820109DFC2082B
:2050F800EE0409DF66086E0282113710010509DF5B0837F0020809DF5C0837F0020909DF1E
:20511800680837F0020D09DF690837F0020E685009DEA009BD0E3B00D4EFBCFF0CE409E894
:205138005508C814088408C5A6F56DFFF0FAC814088402856DFF1DFBCCE2BCFF0CEC09E80F
:205158005508C814088408C5A6F56DFFE0FAC814088402856DFF0DFBCCE4BD0F180009EFD5
:20517800140809E85508C8140884370F68506DFFCEFAC814088402856DFFFBFAD4F2D4F435
:205198000C4408C0370F03F02C24D80FECCAF4CCDA006CC1A00FECC2910000F8D9FFDC64F4
:2051B800ECC5910000F8D9FFE084ECC609DF66086E0C910000F8D9FF4265ECC7910000F89B
:2051D800D9FF7635ECC83C0B910000F8D9FFAC25ECC7910000F8D9FF9225ECC8910000F8FF
:2051F800D9FF74D5ECC909DF6608DF0F8C00DA0189CF061849A4000A9110005F6DFF15F731
:2052180049A4040A49A5000A6DFF5CF709DF250889CF051809CF05182CA8DA0089AF270830
:20523800DA0189AF3408DA0089AF0A09DA0089AF2A08DA0089AF2F08DA00ACAFDA0089AF0E
:205258002308D80F49FF241A80FF89AF0E09DA0089AF2D08DA0189AF3008DA0089AF210803
:20527800DA0089AF2208DA0089AF20080CD889AF3A0809DFC40889AFB80849C4380A49A559
:20529800040A6DFFD4F609DF240889CF041809CF04182CA8DA0089AF2708DA0189AF3408D2
:2052B800D80F49FF102A80FF89AF0A09DA0089AF2A08DA0189AF2F08DA0089AF0E09DA0012
:2052D80089AF2D08DA0089AF3008DA00ACAFDA0089AF2108DA0089AF2208DA0089AF230816
:2052F800DA0089AF20080CD889AF3A0809DFC20889AFB80849C42C0A49A5040A6DFF97F61C
:205318003C04DA0089CF0618BBF0FFFFD80F89FF141909CF46186E4509A4BC096DFF82FC5B
:20533800914000FFD9FF1068538221F010FF3C01823009DF2508370F70F014F1370F68F0F3
:2053580037F108F034FF081F370F82F12CF1083F96022CF3081F96042CF109A4BC096DFF2B
:2053780061FC914000FFD9FF1068538221F010FFB04F3C01823009DF2408370F70F014F1F6
:20539800370F68F037F108F034FF081F370F82F12CF1083F96022CF3081F96042CF13C6D82
:2053B80009DFC4086E2109A4BC096DFF3BFC914000FFD9FF1068538221F010FF3C0109D052
:2053D800480809DFC40814F1370F68F037F108F034FF081F370F82F12CF1083F96022CF3C0
:2053F800081F96042CF109DFC2086E2209A4BC096DFF18FC914000FFD9FF1068538221F07D
:2054180010FFB04F3C0109D0480809DFC20814F1370F68F037F108F034FF081F370F82F178
:205438002CF1083F96022CF3081F96042CF109DFC6086E2309A4BC096DFFF4FB914000FF77
:20545800D9FF1068538221F010FF49FF080A3C0109D0480809DFC60814F1370F68F037F1AE
:2054780008F034FF081F370F82F12CF1083F96022CF3081F96042CF1D80F09FF530896012F
:2054980089FF13080090404F405C40F46D00DD11E85CDA0089FF1808DA0089FF1908DA00E4
:2054B80089FF1A08DA0089FF1B08DA0089FF1C08DA0089FF2808DA0089FF2908A002E882EE
:2054D80082FF89FF240882FF89FF2508DA0089FF2608BB00C2FB9BEFC3F46CF4009091106F
:2054F80000CF094804186DFF3DFC402F530822F010C2392F1E02370F61F18B0F2002DF103A
:205518000D80530822F010C2530822F010C4394F1F029604E92F1F023C01DF00110009FFB5
:2055380000196E0609F2801940F42D020000084FB70F01F02CF4D4F46D001A02530822F0E3
:2055580010CF39FF1E02370FE1F18B0F20F25E1C530822F010CF530822F010C2392F1F02AA
:205578009604E9FF1F023C010090404C40C46DFFF9FB402F9110005F09C1051809C6A809DD
:2055980049F7100A530122F01052392F1E02370FE1F18B0F2002DF100D80530122F0105231
:2055B800530122F01054394F1F029604E92F1F023C01DF001A00530122F0105F39FF1E022A
:2055D800370F61F18B0F20F25E1C530122F0105F530122F01052392F1F029604E9FF1F022C
:2055F8003C011D00BC0009FF49181E1509FF4918DF3F2580530122F0105F39FF1E02370F42
:2056180061F18B0F20F25E1C530122F0105F530122F01052392F1F029604E9FF1F023C01F4
:20563800534120F0105F534120F01052392FC2819602E9FFC2811D00920009FF4918DF4F85
:205658002480530122F0105F39FF1E02370F61F18B0F20F25E1C530122F0105F530122F068
:205678001052392F1F029604E9FF1F023C01534120F0105F534120F01052392FC2819602EB
:20569800E9FFC2813C6B530122F01052392F1E02370F61F18B0F2002DF100D80530122F09A
:2056B8001052530122F01054394F1F029604E92F1F023C01DF00530088AFBF2F50005301F2
:2056D80022F01052530122F01054394F1F029604E92F1F02534120F01052534120F01054EA
:2056F800394FC2819602E92FC281547FEE0C48CF8210370F01F0896F201909FF0C19896FD1
:2057180024193C2C48CF8210370F01F0896F201909FF4618FF9F0A80D47288AF102F09FF69
:205738007FF8896F24193C1A09F04618DA103F0F0D8088AFC2FF532F20F0D47F10FF09FF3F
:20575800C008896F24193C0A88AFC2FF534F20F0D47F10FF54FF896F24190090404C09C273
:20577800A809092FC0188FFF1F813C01BBF0FF0F8920141940C46DFFF5FA402F911000DF08
:205798006F08070009FF4A18960189FF0A186F18070009FF4A18960289FF0A186F280700F0
:2057B80009FF4A18960489FF0A186F78070009FF4A18968089FF0A186F38070009FF4A18F3
:2057D800960889FF0A186F48070009FF4A18961089FF0A186F58070009FF4A18962089FF7B
:2057F8000A186F68070009FF4A18964089FF0A18DF08110009FF00196E0609F2801940F452
:205818002D020000084FB70F01F02CF4D4F46D00AF0009CF46186E3109C00418530022F010
:2058380010DF39FF1E02370F61F18B0F20F25E1C530022F010DF530022F010D2392F1F0227
:205858009604E9FF1F023C0109C00518530022F010DF39FF1E02370F61F18B0F20F25E1C00
:20587800530022F010DF530022F010D2392F1F029604E9FF1F023C010090404F40F46DFF4D
:2058980071FA0925AC0940242D050000484FC21F6CF40090404F40F46DFF64FA0925A80938
:2058B80040242D050000483FC21F6CF30090DA01494F0408EE0382023C0282123C01009050
:2058D800404FD4F2D4220924A80949FC180A094F4218370FE3013C0188EF0B0F80F1370FBF
:2058F800508054CFEE0A82003C05094110293C01C2103F80FC7F3C2609F04618FF900B8043
:20591800D4C502846DFFBFF9D4C201280026F4C23C1909F04618DA103F0F0C80D4C5028402
:205938006DFF9DF9532820F0D4C21022F4C23C0AD4C502846DFF9DF9534820F0D4C210226A
:20595800F4C288EFA28FACFE88EFEE1009FF00196E0609F2801940F42D020000084FB70F09
:2059780001F02CF4D4F46D0003000090DA006C4100902008404F49FD100AD4F2D42C09CF6A
:205998004618DF0F7E02911000EF09C4A809F4A46DFF48F9538221F03C0109C8051809C9ED
:2059B80004184DC0E2FF370FE1F78B0F20A23C010D00400300003C0188AFBF2FE50088AF40
:2059D80092F0530822F010E2530822F010E4B94F140237007000370F0EF0F92F140209FF1E
:2059F8004618FF9F10808200530822F010E2530822F010E4394F1602370F83F2E92F160236
:205A18003C2109F04618DA103F0F10808210530822F010E2530822F010E4394F1602370FBA
:205A380083F2E92F16023C0E8220530822F010E2530822F010E4394F1602370F83F2E92F8A
:205A5800160254DFEE4049F20C1A802FB70F1C007B0000FDFE014DC0E1FF16073C0149F2CA
:205A78000C1A8020B7000C0AB770030E7B000011E21FA2F03C0449F20C1A8020530822F076
:205A980010E259200802820082118222530822F010E2192310023703033037138131372350
:205AB8000434530822F010E259231002530822F010E2530822F010E4394F12029610E92F8F
:205AD80012023C3A54DFB70F1C007B0000FD7E0F4DC0E1FF16073C0154D0B7000C0AB770AB
:205AF800030E7B000011E21FA2F03C0254D0530822F010E259200802820082118202530826
:205B180022F010E219231002370303303713813137230434530822F010E2592310025308D8
:205B380022F010E2530822F010E4394F1202B70F01F2E92F1202D4A24922241A530822F0DB
:205B580010E4802F594F0C02820082118202530822F010E219231002370303323713813321
:205B780037230436530822F010E259231002530822F010E2530822F010E4394F1F02960489
:205B9800E92F1F0288A0530922F010E2530922F010E4B94F140237007000370F0EF0F92F99
:205BB800140209FF4618FF9F10808200530922F010E2530922F010E4394F1602370F83F284
:205BD800E92F16023C2109F04618DA103F0F10808210530922F010E2530922F010E4394F25
:205BF8001602370F83F2E92F16023C0E8220530922F010E2530922F010E4394F1602370FF6
:205C180083F2E92F1602486FEE4049F2101A802FB70F1C007B0000FDFE014DC0E1FF16076B
:205C38003C0149F2101A8020B7000C0AB770030E7B000011E21FA2F03C0449F2101A8020A1
:205C5800530922F010E259200C02820082118222530922F010E21923100237030332371325
:205C7800813337230436530922F010E259231002530922F010E2530922F010E4394F120278
:205C98009620E92F12023C3B486FB70F1C007B0000FDFE004DC0E1FF8F7F00013C01486F94
:205CB800B70F0CFAB77F031E7B0000F1E2F0A2013C024861530922F010E259210C02820077
:205CD80082118202530922F010E219231002370303323713813337230436530922F010E286
:205CF80059231002530922F010E2530922F010E4394F1202B70F81F2E92F1202530922F0CD
:205D180010E2530922F010E4394F1F029604E92F1F02BBF0FFFFD4A4894F14196DFF82F790
:205D38009140002FD9221068538221F010223C010C2396022C23D4A46DFF74F79140002F1E
:205D5800D9221068538221F01022B0423C010C2396022C23D4A46DFF65F79140002FD92220
:205D78001068538221F010224922080A3C010C2396022C23530922F010E2530922F010E4E9
:205D9800394F1F029604E92F1F02534920F010E2534920F010E4394FC2819601E92FC28174
:205DB80088AFBF2F2B00530822F010E2530822F010E4394F1F029604E92F1F02534820F094
:205DD80010E2534820F010E4394FC2819601E92FC28109FF4818EE0948CF8200370F01F02E
:205DF800D4AF89FF20193C0848CF8210370F01F0D4AF89FF20193C3F54DFEE0E48CF82108C
:205E1800370F01F0D4A2892F201909FF0C19D4AF89FF24193C3048CF8210370F01F0D4A295
:205E3800892F201909FF4618FF9F0B80D4D288AF102F09FF7FF8D4AF89FF24193C1C09F096
:205E58004618DA103F0F0E8088AFC2FF532F20F0D4DF10FF09FFC008D4AF89FF24193C0B5B
:205E780088AFC2FF534F20F0D4DF10FF54FFD4AF89FF241976A30D0000031D00EE0088AF98
:205E9800BF1FEB00D4F2D422092CA80909FF7308370F644209CF421816073C018B4F0001A9
:205EB80009FF47185E12C2F088AF7E02C2F088AF0B0F80F1370F5080BF18CF0088AF528051
:205ED800A8A088AFEE0382113C02820109FF4718DE11BF28100088AF6E0D4DC0E20F3700B2
:205EF800E1078B0020923C010D00400300003C013C084DC0E20F3700E1078B0020923C01C0
:205F180009FF4718DE14820089F0071809FF4818EE0848CF8200370F01F089CF20193C07F4
:205F380048CF8210370F01F089CF201954DFEE1E09F00C19DF01130082013C0489C024193F
:205F5800C2119AF83FF1FC7F48CF8211371F01F089CF201989C024193C08DA003C0489C06A
:205F78002419C21F3F8FFD7F3C7409FF4618FF9F2480DF011800BF280800D4D59AF840C423
:205F980002F56DFFD1F648CF8210370F01F089CF2019D4DF01F800F609FF7FF889CF241998
:205FB8003C06D4D540C402856DFFBEF6D4DF01F800F6F4DF3C4E09F04618DA103F0F2780FE
:205FD800DF011A00BF280800D4D59AF840C402F56DFF89F648CF8210370F01F089CF20192E
:205FF800C2F8532820F0D4DF10FF09FFC00889CF24193C0BD4D540C402856DFF74F6532851
:2060180020F0D4DF10FFF4DF3C24DF011900BF280800D4D59AF840C402F56DFF75F648CF57
:206038008210370F01F089CF2019C2F8534820F0D4DF10FF54FF89CF24193C0BD4D540C4EB
:2060580002856DFF61F6534820F0D4DF10FFF4DF76930D00000300902008404D49DF100AFE
:20607800D4D2D42C8CDA82404B0F0102F6188CDA82404B0F0102370068F03C088CDA82404F
:206098004B0F0102370068F0C21F370F688009DF49189E4B8CDA3B0001004B0F0102F619AD
:2060B8008CDA3B0001004B0F0102370068F03C098CDA3B0001004B0F0102370068F0C21F86
:2060D80042F8C2F83708688009CF4618DF0F2102911000EF09C4A809F4A46DFFA3F55382C7
:2060F80021F03C0109C9051809CA04184DC0E2FF370FE1F78B0F20B23C010D004003000057
:206118003C01530922F010E2530922F010E4B940140237800E00F92014028220530922F055
:2061380010E2530922F010E4394F1602370F83F2E92F160254FFB70F1C007B0000FD7E0F2E
:206158004DC0E1FF16073C0154F0B7000C0AB770030E7B000011E21FA2F03C0254F053099A
:2061780022F010EF59F00802820082118202530922F010EF19F31002370303303713813116
:2061980037230434530922F010EF59F31002530922F010EF530922F010E2392F1202B70F7B
:2061B80001F2E9FF120209DF49189E4DD4AF49FF1C1A530922F010E280FF592F0C028200AC
:2061D80082118202530922F010EF19F31002370303323713813337230436530922F010EF97
:2061F80059F31002530922F010EF530922F010E2392F1F029604E9FF1F028CDA82404B0FAE
:206218000102F6188CDA82404B0F0102370068003C088CDA82404B0F010237006800C210F7
:20623800530A22F010EF530A22F010E2B92F140237007000370F0EF0F9FF14028220530A81
:2062580022F010EF530A22F010E2392F1602370F83F2E9FF16024CD6EE4049DF101A80FF58
:20627800B70F1C007B0000FDFE014DC0E1FF16073C0149DF101A80F0B7000C0AB770030E9F
:206298007B000011E21FA2F03C0449DF101A80F0530A22F010EF59F00C0282008211822247
:2062B800530A22F010EF19F31002370303323713813337230436530A22F010EF59F310026D
:2062D800530A22F010EF530A22F010E2392F12029620E9FF12023C3C4CD6B70F1C007B00B2
:2062F80000FDFE004DC0E1FF8F7F00013C014CD6B70F0CFAB77F031E7B0000F1E2F0A2012C
:206318003C0309D11809530A22F010EF59F10C02820082118202530A22F010EF19F3100240
:20633800370303323713813337230436530A22F010EF59F31002530A22F010EF530A22F09B
:2063580010E2392F1202B70F81F2E9FF1202530A22F010EF530A22F010E2392F1F02960490
:20637800E9FF1F02BBF0FFFFD4A4894F14196DFF59F4914000FFD9FF1068538221F010FF08
:206398003C01083F96022CF3D4A46DFF4BF4914000FFD9FF1068538221F010FFB04F3C0136
:2063B800083F96022CF3D4A46DFF3CF4914000FFD9FF1068538221F010FF49FF080A3C0107
:2063D800083F96022CF3530A22F010EF530A22F010E2392F1F029604E9FF1F02534A20F0FF
:2063F80010EF534A20F010E2392FC2819601E9FFC28109DF4918DF3F308009D09408DA1004
:206418003FF00A0009D0F208DA0F37F085F389DFB2083C0B09D0F2088CDAC2FF370F70F0C7
:2064380037F085F389DFB20809D09408DA103FF0090009DF7008B70F01F089DF30083C06F3
:2064580009DF7008960189DF300809DF7208964089DF32083C3709DF4918DF1F248009D07C
:206478009408DA103FF00A0009D0F208DA0F37F085F389DFB2083C0B09D0F2088CDAC2FF87
:20649800370F70F037F085F389DFB20809DF7008960189DF300809DF7208964089DF32080C
:2064B8003C1109DF7008960189DF300809DF7208964089DF320809DFF208B70F85F389DF7E
:2064D800B208530922F010EF530922F010E2392F1F029604E9FF1F02534920F010EF5349AA
:2064F80020F010E2392FC2819601E9FFC28109DF49181E464CDCD4AF89FF1C193C054CDC97
:20651800D4AF89FF201976B30D0000033C010090913000FFD9FF300654F8370864F0EE037B
:2065380082023C096D003E00370864F04B0F41F14BF251203C010090913000FFD9FF300667
:2065580054F8370864F2EE0382023C096D002A00370864F24B0F41F14BF251203C01009055
:2065780002486D0050018200DA003E84DA013E873C0B913000FF19F000263C08913000FF03
:2065980019F004263C0382023C0176094B0061F17B0028044B0F51F04BF241203C010090E7
:2065B8006D00DA00913000FF39FF3106370F6402DA003E0CDA01BE0BDA02BE0EDA035F0FE6
:2065D8002100DA045F0F23003C26913000FF39FF0C16160FEE023C0A913000FF39FF0C1622
:2065F800160F4B0F41F14BF251203C177B0017F44BF251203C127B001FF44BF251203C0DCA
:206618007B0027F44BF251203C087B002FF44BF251203C0382023C013C010090910000F63A
:20663800D9FF000054FF4B0F61213C010090913000FF39FF3706370F62F2EE06BB00C22B03
:206658009BE2CB243C11913000FF39FF3706370F62F25E19910000F6D9FF000054FF4B0F17
:2066780061213C0282023C010090913000FFD9FF00066DFFDEFF09FF640816015E1A09FFFF
:206698006E08167FC21F4B0F41F14BF251203C2409FF6408370FE1F15E1EBB00C20B9BE051
:2066B800CB0409FF6C08167FC21F4B0F41F14BF051203C1209FF6908370FE5F0C21F4B0FAC
:2066D80041F14BF2410009FF6C08167FC21F4B0F41F14BF051203C010090913000FFD9FF63
:2066F80000066DFFA6FF09FF540816015E1A09FF5E08167FC21F4B0F41F14BF251203C29F5
:2067180009FF5408370FE1F15E1EBB00C20B9BE0CB0409FF5C08167FC21F4B0F41F14BF0EE
:2067380051203C1709FF5908370FE7F0C21F4B0F41F14BF2411009FF5C08167F921009FF51
:206758005B08160FC21FE2F04B0041F14BF151203C010090913000FF39FF3306370F62F224
:2067780082003E0482103E083C0ABB00C22B9BE2CB243C013C066DFFB2FF3C0382023C016F
:206798003C0100906DFFE8FF913000FF39FF3106370F6402DA003E0CDA01BE0CDA02BE0F74
:2067B800DA035F0F2200DA045F0F24003C27913000FF39FF3206160FEE0382023C0A9130B0
:2067D80000FF39FF3206160F4B0F41F14BF251203C177B001FF44BF251203C127B0027F460
:2067F8004BF251203C0D7B002FF44BF251203C087B0037F44BF251203C0382023C013C0169
:2068180000906DFFA9FF913000FF39FF3106370F6402DA003E0CDA01BE0CDA02BE0FDA0392
:206838005F0F2200DA045F0F24003C27913000FF39FF3106160FEE0382023C0A913000FF0E
:2068580039FF3106160F4B0F41F14BF251203C177B001FF44BF251203C127B0027F44BF2A2
:2068780051203C0D7B002FF44BF251203C087B0037F44BF251203C0382023C013C01009095
:20689800404F820891000026D922000009FF0819742F6D00480502296D005905022A0294D7
:2068B8006D0041049130002F392F3046370FE1B19130002F392F304696089130002FE92FF4
:2068D800304602946D004F0502A46D0054043C019130002F392F3306370FE1F3EEFA9130D7
:2068F800002F392F3306B70F02F29130002FE92F33069130002F392F330696409130002F5E
:20691800E92F33069130002F392F180696109130002FE92F18063C019130002F392F3306FE
:20693800370FE1F3EEFA9130002F392F3706B71F02F29130002FE92F37069130002F392F41
:20695800370696409130002FE92F37066D00B001A62802A46D002E05DF087E8102A46D009C
:206978000A043C019130002F392F1406370FE1F26EFA9130002F39201C0608AF37F007F081
:206998009130002FE92F1C069130002F39201B06088F37F004F09130002FE92F1B069130AF
:2069B800002F39201906089F37F087F09130002FE92F19069130002F392F1806964091309F
:2069D800002FE92F18069130002F392F1A06B70F01F09130002FE92F1A069130002F392F8B
:2069F800180696209130002FE92F18069130002F392F1A0696019130002FE92F1A0691308D
:206A1800002F392F1A0696049130002FE92F1A06BB70714B9B1485436D00A7013C01913074
:206A3800002F392F1406370F61F16EFA9130002F392F1806B70F01F09130002FE92F18063A
:206A58003C019130002F392F3306370FE1F3EEFA9130002F392F3306B71F02F29130002F03
:206A7800E92F33063C019130002F392F3306370FE1F3EEFA48346D0078019130002F192052
:206A98003006485F82F1C61F26F0485F4841261FA6F0DA0137F0020EDA0137F0010F9130A3
:206AB800002FD922300674203C019130002F392F3706370FE1F3EEFA9130002F1920340693
:206AD800487F82F1C61F26F0487F4861261FA6F0DA0137F0020EDA0137F0010F9130002F0A
:206AF800D922340674203C019130002F392F0316370FE1F3EEFA9130002F19200016489FDF
:206B180082F1C61F26F0489F4881261FA6F0DA0137F0010F9130002FD922001674203C0180
:206B38009130002F392F0F16370FE1F3EEFA9130002F19200C1648BF82F1C61F26F048BFF7
:206B580048A1261FA6F0DA0137F0010F9130002FD9220C1674209130002F1920002648DF30
:206B780082F1C61F26F048DF48C1261FA6F09130002FD922002674209130002F192004268C
:206B980048FF82F1C61F26F048FF48E1261FA6F09130002FD9220426742002A46D000A0413
:206BB8009100802F192F140209F0041982F1C610260F09F0041982F1C610260F09F00419E1
:206BD80009F100192610A60F02946D00AC029100802FD9221402742F02946D00C403820CA2
:206BF8003C3702A46D00C7023C019130002F392F1406370FE1F26EFA9130002F39201C0693
:206C180053CC20F0C8121022142F37F007F09130002FE92F1C0602A46D00CC0353CC20F085
:206C3800C81210224C226E0953CC20F0C8121022092288092D02000053CC20F0C8121022EA
:206C5800092402096D009100C21C370C68C014FF3FFCC9FF02A46D008E02913000FF39FFEC
:206C78001806B70F01F3913000FFE9FF180602A46D00A00302946D005602913000FF39FF55
:206C98002C469608913000FFE9FF2C46913000FF39FF304637BF81F1913000FFE9FF3046BE
:206CB80002946D00600302823C0100903B00288082096D003803022A913000FF39F01006C4
:206CD800B7008202913000FFE9F01006913000FF39F01206910000F6D9FF000054F13B00D2
:206CF8005AF29B6F02F04BF111229AF2370F68F037F005F0913000FFE9FF1206913000FFFF
:206D180039FF10069604913000FFE9FF10063C05C2F8F68382193C0D913000FF39FF10064F
:206D38006F1FF87F913000FF39FF11066F0FF27F02A46D00F801913000FF39FF2C46960824
:206D5800913000FFE9FF2C46913000FF39FF30469608913000FFE9FF304602A46D000303BE
:206D780002923C01009002486DFFF6FC913000FF39FF3506160F4B0F41F14BF251F03C0153
:206D98004B8F41F04B0F71F185F110003C0185F01000A2103FF0FDFF0090DA018B040100F4
:206DB8000F0F10F0913000FF59FF248600908FF43F006F041500913000FFD9FF1086534040
:206DD80020F010F2913000FFD9FF1086534020F010FF083F375F03F22C233C13913000FF79
:206DF800D9FF1086534020F010F2913000FFD9FF1086534020F010FF081F375F03F22C2189
:206E180000908FF43F006F041500913000FFD9FF1086534020F010F2913000FFD9FF10867F
:206E3800534020F010FF083FB70F01F02C233C13913000FFD9FF1086534020F010F2913058
:206E580000FFD9FF1086534020F010FF081FB70F01F02C2100908FF43F006F041500913035
:206E780000FFD9FF1086534020F010F2913000FFD9FF1086534020F010FF083FB70F81F08A
:206E98002C233C13913000FFD9FF1086534020F010F2913000FFD9FF1086534020F010FF89
:206EB800081FB70F81F02C2100908FF43F006F041400913000FFD9FF1086534020F010F263
:206ED800913000FFD9FF1086534020F010FF083F96012C233C12913000FFD9FF108653407E
:206EF80020F010F2913000FFD9FF1086534020F010FF081F96012C2100908FF43F006F04B8
:206F18001400913000FFD9FF2C86534020F010F2913000FFD9FF2C86534020F010FF083F13
:206F380096202C233C12913000FFD9FF2C86534020F010F2913000FFD9FF2C86534020F00A
:206F580010FF081F96202C2100908FF43F006F041400913000FFD9FF1086534020F010F234
:206F7800913000FFD9FF1086534020F010FF083F96022C233C12913000FFD9FF10865340DC
:206F980020F010F2913000FFD9FF1086534020F010FF081F96022C2100908FF43F006F0416
:206FB8001400913000FFD9FF1086534020F010F2913000FFD9FF1086534020F010FF083FAB
:206FD80096082C233C12913000FFD9FF1086534020F010F2913000FFD9FF1086534020F0BA
:206FF80010FF081F96082C210090DA010F4F00F0913000FF19F0208626F0760382123C02CF
:2070180082023C0100908FF43F006F041500913000FFD9FF1086534020F010F2913000FF2A
:20703800D9FF1086534020F010FF082F375F03F22C223C13913000FFD9FF1086534020F0E8
:2070580010FF9130002FD9221086534020F01022142F375F03F234FF00906F041F008B0500
:20707800011082100F10100086F4913000FFD9FF2C86534420F010FF9130002FD9222C860F
:20709800534420F01022542F82F2C620260F0F160060A66F74FF3C1B82100F50100086F40E
:2070B800913000FFD9FF2C86534420F010FF9130002FD9222C86534420F01022542F82F14C
:2070D800C610260F0F560060A66F74FF00908FF43F006F041500913000FFD9FF2C86534089
:2070F80020F010F2913000FFD9FF2C86534020F010FF083F375F02F32C233C13913000FF3A
:20711800D9FF2C86534020F010F2913000FFD9FF2C86534020F010FF081F375F02F32C212D
:2071380000904DC0E1FF16073C0153CF20F060FF9130003F30F3D93F004654FF2E1B8F24FF
:2071580020F0960154F0370070088F002100A60F74FF86248F2440F154F0370070088F0095
:207178002100A60F74FF3C0154FF1601DF1FFE7F0090913000FF19FF30366F1F12008F246B
:2071980020F09601913000FF19F03036370070088F002100A60F913000FF59FF30368624C5
:2071B8008F2440F1913000FF19F03036370070088F002100A60F913000FF59FF30363C01D5
:2071D800913000FF19FF30361601DF1FFB7F00904DC0E1FF16073C01913000FFD9FF004615
:2071F80053CF20F010FF54FF2E1B8F2420F0960154F0370070088F002100A60F74FF8F24C2
:2072180020F0960254F0370070088F002100A60F74FF3C0154FF1601DF1FFE7F084F9608CC
:207238002CF454FF2E1B8F2420F0960154F0370070088F002100A60F74FF86248F3440F1B7
:2072580054F0370070088F002100A60F74FF3C0154FF6F0FFF7F0090913000FF19FF3036F1
:207278006F1F12008F2420F09601913000FF19F03036370070088F002100A60F913000FFF9
:2072980059FF30368F2420F09602913000FF19F03036370070088F002100A60F913000FFBA
:2072B80059FF30363C01913000FF19FF30361601DF1FFB7F913000FF39FF3436960891302D
:2072D80000FFE9FF3436913000FF19FF30366F1F12008F2420F09601913000FF19F03036DE
:2072F800370070088F002100A60F913000FF59FF303686248F3440F1913000FF19F0303617
:20731800370070088F002100A60F913000FF59FF30363C01913000FF19FF30366F0FFC7F4F
:2073380000904DC0E1FF16073C0153CF20F060FF9130003F30F3D93F004654FF370F6EF154
:207358008FFF83213C013C010090913000FFD9FF303654FF370F6EF18FFF83213C013C0137
:2073780000904DC0E1FF16073C0153CF20F060FF9130003F30F3D93F004654FF2E1B8F24BD
:2073980020F0960154F0370070088F002100A60F74FF86248F3440F154F0370070088F0043
:2073B8002100A60F74FF3C0154FF6F0FFF7F0090913000FF19FF30366F1F12008F2420F0AF
:2073D8009601913000FF19F03036370070088F002100A60F913000FF59FF303686248F34D0
:2073F80040F1913000FF19F03036370070088F002100A60F913000FF59FF30363C01913085
:2074180000FF19FF30366F0FFC7F0090F647094F40189601894F00183C08DF140780094FC4
:2074380040189604894F00180090F647094F7C089601894F3C083C08DF140780094F7C085C
:207458009610894F3C080090FF240B00538420F0910000F8D9FF88A110FFD4F23C02A0026E
:207478003C01009082F282003C17538020F0910000F8D9FF88A110FFD4FF7D4F0D80538063
:2074980020F0910000F8D9FF88A110FF481F370F48203C04C210BF20EAFF3C010090404CE3
:2074B800405F09C0380909C13C0914FFEE0C083F37F00500082F37F00504081F37F10111B4
:2074D80082183C0F14FF5E1C083F37F00508082F37F0050C081F37F1011382183C02820873
:2074F80089C13C0989C0380940C46DFFBDFF09FFC8086E26081FEE099140002FD922502832
:20751800538220F010223C099140002FD9225028538220F01022B04208A009FFC8081421C6
:20753800370F68F037F108F0342F0C21370F82F12C210C2396022C230C2196042C21082687
:207558004CC4820102F009C32C0982020F20A0400F31A0503C016DFF43D73C0114FF534F15
:2075780020F010C28922300914F440C46DFF50FF14F440C46DFF5BFF08264CC4820102F0E1
:2075980009C32C0982020F20A0400F31A0503C016DFF26D73C0114FF534F20F010C2481F2E
:2075B80042F28922300902823C010090025FC234B7040200370050808BC801008B80004090
:2075D8006D00A315BC2640240B8F10486D0004003C010090C234B70402F0370F5000DA00E5
:2075F800894F1808DA01894F1908804F8BCF01F0C27FB70F03F0744FDA00AC42DA00AC473B
:20761800DA00894F0A09894F0609DA00AC49AC48894094088945960840423C010090910032
:2076380000F6D9FF040048156D007E0091000026D9220400910000F6D9FF0400482F9100F7
:2076580000F6D9FF040048406B0021FF6C2291000026D9220400910000F6D9FF040048201E
:20767800910000F6D9FF04004821910000F6D9FF0400483F6B0F21F14BF051F0742F910000
:207698000026D9220400910000F6D9FF040054F0910000F6D9FF0400481F6B0F31129100EE
:2076B80000F6D9FF0400481F6B1061FF6C2191000026D92204007B00F8F3910000F6D9FF96
:2076D800040054F06B00310F910000F6D9FF0400482F4BF041F06C22910000F6D9FF040068
:2076F80048123C010090910000F6D9FF0400DA0074FF910000F6D9FF04007B4033F46CF1F9
:20771800910000F6D9FF04007B00F8F36CF2910000F6D9FF04006844910000F6D9FF0400B8
:20773800683500900B4510883C057B403BF46B0F2188DA004BF801F06F0FF9FF3C057B404E
:207758003BF46B0F31887B403BF44BF801F016068B0F20F2EEF57B403B5402946D00BE13C8
:20777800DA004BF201F0370F61F06E057B403BF46B0F21226B0231087B4033F44BF001F084
:20779800370F61F16E067B403BF46B0F31003C0C7B4033FC4BF001F0370F61F06E057B400D
:2077B8003BF46B0F21006B0021293C010090F445DA006C410C4896012C480C4896022C48E6
:2077D8000C48B70F01F12C480C48B70F81F12C480C48B70F01F22C480C4896202C480940C9
:2077F800C808DA0837F006F3AC440C49B70F01F22C49DA00894F0E09DA00894F1209DA00BC
:20781800894F0A090C49B70F81F22C490C49B70F01F32C49094F5808B70F01F0894F180877
:20783800094F5808B70F81F0894F1808094F5808B70F01F1894F1808094F5808B70F81F1F1
:20785800894F18080090DA00344FDA00AC41DA00AC42DA00AC43DA002C48DA00AC45A00F0B
:20787800EC43DA006C4400908F841EF08F0F0801B70408FC3704E81BB71F812BDA7F7FF197
:20789800048082020090DA967F1F048082023C068B6109F1325F0FF200203702482076042D
:2078B8003252370248200090B70408FC3704E80BB71F811BDA7F3FF00580DA967F0F04800D
:2078D800820200908B6009F1325F0FF10010370168200090B70408FC3704E80BB71F814B17
:2078F800DA7F7FF00480D2020090DA967FF0078082058B6009611DFF73D582058BA01660F2
:207918001DFF6FD5B70408FC3704E80BB71F811BDA7F3FF00580DA967F0F048082020090ED
:207938008B6009F1325F0FF100103701702000908B0420F28B0500F5EE0A7B00080082032B
:20795800B700892B8F7301F0A6F2009082029B02F02FBBF0FF3F9BF3FF3F0F2480000F359D
:207978008010BA008B0100F4EE4C3B7001800B451068BB00FF1F9BF1FF1F8F040001265169
:20799800BA008B0100F4EE2182019BF1FF1F8F0400012651BA008B0100F4EE098F751E10EB
:2079B8007745804302153B0003803C0F8F351F107745804902153B4002803C078FF51F108E
:2079D8007745804F0215C2180F2480000F3580108B0020F28B0100F5EEF202490B6710A819
:2079F800D2148B881E606DFFFCD40F2A80000F3B8010BA008B0100F4EE2B3B0008703C29BE
:207A18003B600930BB00000F9BF00F0026408F0500118B0020F28B0100F5EE073BA00830E5
:207A3800774500568FC4004082009B00080082013C05C2F37745805006140B0430F10B15F5
:207A580000F20B15A0F2EEF602401DFF7BFF82078BF29F008BF3BF1026A026B1BA008B01D9
:207A780000F4EE038F0744718BF80760820402951D0091153BD03CF19B4FEDF34BF401F0C2
:207A98002E031D0006167B00F803BBA027F89BAF01F44BF401F02E2C3BB0FDF09B9FFCF3AA
:207AB8004B4051406D00F5156B02312F00906B0031F46B0021044B0F51406D00EA153BB05C
:207AD800FDF09B9FF4F36B0F2122009091100048D944602F1D0002008208404F8209820A4F
:207AF800820BC81CC82D483C09FF1001DF1F238080CF160180D08F100001FE046E04C2FC42
:207B180004DF24CF76CF8F3C00018FEC1FF06E0902F140D2C2F16014442164C1FC4E90DDF8
:207B3800020CDF0CE07FC2FC60C204DF24CFFC2E3CD9DE2580CF2E03C2FC24C9DF0CD37F75
:207B58008F3C00F106EC76C5C2FC60C264CAFC2F6EC9C2FF60F224CBFC2F3CC48F0F1F00CA
:207B7800DF002E008F3F0001DF102B8080CF8F3F00D180DF1603FEDB76DB02D440C440D5F8
:207B98006D00100701CD00C601DD00D6A2DC76CF8F3C00018FEC1FF06E0902F140D2C2F1B9
:207BB8006014442164C1FC4E90DD020CDF0C9B7F02C440C440D56D00F5063C940090160325
:207BD800DF2F91FF80CF16036E0702F440C46D00D20610CCA2FCDF0C867F8F3C004106EC6B
:207BF80076C5C2FC60C264C8FC2FDF047C7F40C46D00C1061DFF77FF0090205089A43809E5
:207C180089A62C0989A73409DA01A00F820909AA1019780C89A9081989A9280902A089A97C
:207C38000019B70089FBF80678113700E8FB78080258404C029D405D8BFF0FC27B00F8B314
:207C580076C658116E04029C09AD30095808BA0F7813F68A3B700600580B3E043B7004002F
:207C78007E0382183C23580D6F5F21803B100600580B3E043B100400FE095811EE0382086E
:207C98003C1582788F3F000082013C06C2F88FC31F107723000E0B011028FBF00000262096
:207CB8002631BA008B0100F4EEF2DA00780F02A46D0035087625DA2D780F67AABFAFEE0EE6
:207CD800580D8F8F0101DA087E03DA2B3C068B000102580FAB0FA2F0780F09A00019AA1019
:207CF80089A00019DF0D1600580B910000F8D9FFD85110FF081F2E37910000F8D9FFC85126
:207D1800F8063C1B910000F8D9FFCC51F8063C15DF0C1D00580B910000F8D9FFD85110FF25
:207D3800081F2E36910000F8D9FFD0513C05910000F8D9FFD451F8065810BB90FF0F9239CD
:207D5800580D260F780D1D008C013B100600580B3E053B1004005F0F27805808AB1F18FFA6
:207D7800780858109230F683580D2E22C210428058083BC0F91FC2207FF106003B40061023
:207D98003F1F0400DA033C0A3B60FF1F7FF106003BA000103F1F0400DA02780C580C1209EB
:207DB8001D005F01580849AF0A0A6E7549A4140A02A46D008A1209AC1409022A370CE8FB01
:207DD80082006E55BBF028EC49AE130A7B0012D49B5ECFE33C3F49A20A0A7D2E0C8049AFBE
:207DF800120A49AE130AA07209F03FF489E03FF4FC2CBBD0CC0C58059BC0DC0349A4140A34
:207E18004B0F41406D00611289A20609DF0914806B0E21F24BDB41B04BDF41406DFF26FDFC
:207E3800762A4BBC514049A4140A82196D004D1289A2060909AF06096B0E21FF4BDF41403B
:207E58006DFF14FD8B0203F089EF3FF4580AC21F780A5805370FE8FBEEBF3C0304EF24FF15
:207E780049A2130A012E20F4EEFA3C154B0A01F06F2F12007B0012043C064B0A41A0580A05
:207E9800C2FF780A4B0A41F089AF06094BBF01F06F0FF5FF3B600610580B028082093E14DA
:207EB8003B6004107E13580A12803B500610580B3E143B5004107E12C210CE03DA003C0335
:207ED8008B7000F310A2492E0A0A3C117B0012F449A4060A4BFA41406D00F711022A09A480
:207EF80006096DFFC3FC8B0203F024FF01FE20F4EE0649A2130A012F20F4EEE909EF000863
:207F180040EFC25F3C0A49AF0A0A01EF30F4EE0740EF09EF3FF4C21F34EF3C08DA3134EFCE
:207F380049EF010A580AC21F780A09E00008DA393F0FEB7F89F93FF049A20A0A012F20F471
:207F5800EE0609F00008DA305F0FF67F3B500600580BBE013B5004003E0E3B6006005F0F8A
:207F78003C003B6004005F0F3800580A3FF80400FFDF330058103B50062049AF0A0A9210F3
:207F9800580B09A10A083E243B5004207E2C761349AF0B0A14FFEE04580DAE227682C21055
:207FB80042803C17028276158BF81F2049AF0B0A14FFEE03580D2E22C21082013C0814FF51
:207FD800EE03580D2E23C210B01FC2113F21F97F8B4000903C453B600600580B3E043B60D9
:207FF80004007E0F09A02809FA10AB10A09F581042F9F684580D6F2F34001A8992193C30EC
:208018000280580A49AF0A0A4EF4581092193C0D09A1280958101219021F14F17612B01FCF
:20803800ABF01F00C2FFEEFA14FF6E02F604580D6F2F1700580AC219325F3C04C2FFC21984
:20805800C2F07607FF1FFC7F3C04C219B01FC2F0760314FFEEFB580D16042B09009F580F76
:208078006E0D580D16036E0A61FF77D209A43C0940C46D005304DA00780FD806BD0F1A806F
:208098003B100600580B3E043B100400FE02580D16036E0F54DFC22F61FF4CD26D003E0437
:2080B800580B40C48B7F01406D003804DA017812580D6F0F1680580EA29F3C0F61FF4DD2FE
:2080D800580D40C416028B0F20F2864F8B0F02406D002404580EC2FF780EFF1FF17F580F73
:2080F8006E0861FF3AD209A43C0940C46D001604D806BCFA40F440C56D001F0454DFC23F78
:2081180074DF1D008A013B100600580B3E053B1004005F0F9F808F28200058138B7001013A
:208138008B1F03A1BF1022008201DA177FF00800821258110F021020262F6E02821182F2F3
:20815800C2F00F0200F0C6F2F6145811262F6E045811A62F78115811C21F7811EF7F060054
:20817800DA0078113B2003A05812EE0D54DFC22F61FFE0D16D00D203580B40C48B7F0140F8
:208198006D00CC0361FFE9D102A440C46D00C603F683580D2E2561FFDAD16D00BF035811BD
:2081B8003B8001B054D08F1F00A0428074D03C183B000340DF0B1100C2CB02B032500F0A1C
:2081D80000F0160F8B0F0340DA397F4F0600580B8B6F1CF042F440C46D00A003C2F8FF182A
:2081F800E97F580B40C48BFF00406D0097035808CEF63BD00240325F78083C033BB00240D9
:2082180040C46D008B03580C54D0C22F42F0580C820110AF34F13BA00010580CC2FF370F7B
:2082380068F0780C10AF58084B1F01228B0303F034FF09A220094B12012289A26009DF0221
:20825800EEFF74D040A440C56D0077031D00E5003B50060049AF0A0ABE013B5004003E0ECC
:208278003B6006005F0F78003B6004005F0F7400580A3FF80400FFDF6F0009A00A08580AD7
:20829800AB1F20A076093B700610580B3E143B7004107E12C2F861FF60D176063700684052
:2082B80049AF0B0A3C033B00034040C46D00360314FFEE0B580DAE29768C3B500600580BF4
:2082D8003E043B5004007E0561FF41D16D002603820B3C1A09F00008F60A580DAE283B5080
:2082F8000610580B3E143B5004107E1D61FF35D1760537006840B01F3C033B00034040C411
:208318006D000C03C21B3F8BE77F61FF26D1580B40C48FDF0F416D000103C2FA54DFC21FFF
:208338000EA43BB002403C04325A3BD0024074DF40C46D00F30261FF02D18B00034040C46F
:208358006D00EC0261FFFBD08B01034040C46D00E5023C6209AA28094EA854DFC21F61FF6C
:20837800E9D06D00DB023C1954D0C21074D014F47643B01F3C033B00034040C46D00CE02C5
:208398003B600600580B3E063B6004003E03ABF81F88C2FAFF1AEA7F3B600600580B3E06CD
:2083B8003B6004003E0314FF6E02F684580D6F2F340061FFD2D0580A3BE00240325F3C08FB
:2083D80054D03B000340C21074D0C2FFC2F840C46D00A402768BFF1FF57F3C0861FFBDD077
:2083F80004F440C46D009A02C2F8768314FFEEF73B600600580B3E0E3B6004003E0B580D18
:208418002E2B3C0854DFC21F61FF94D06D008602C2F8DF08F9FF580EA29F3C0A54D03B00F5
:20843800024040C4C21074D06D007802C2FFFF1FF77F00902010404C405D89A68C09DA0005
:20845800780209D40008DF045002DA257E4409D001047E08B01D49A5080A40C46D005402B7
:208478003CF1820A0BAA108809DF01003BD002007E048F1A40A13CF93BB002007E07BBF08A
:20849800FE0F26A08F8040A13CF03B0002007E066F3AECFF8F0A41A13CE83B0003007E0421
:2084B8008F2A40A13CE23B3002007E048F4A40A13CDC3BA00200FE03D803B04FF80309F877
:2084D8003CF9CE848F1A40A1325809DF01003C0D13A820FF8B0F1D8009DF01008B0F1D0006
:2084F80037006800BFA0F6FF3BE002005F0F23808F0A42A109DF01003BA00200FE05D80323
:20851800B04FF80309F93CF9CE968F1A40F1BBF0FDAF26FA09DF01003C0D13A920FF8B0FB6
:208538001D9009DF01008B0F1D0037006800BFA0F6FF3BC006007E048F0A48A13C1E3B80C9
:2085580006007E048F0A44A13C183BC004007E048F0A50A13C123BA006007E04B71A81A4F7
:208578003C0C3BA007007E04B71A01A53C063B400700FE01B71A81A53BC006003E043B8008
:2085980006007E0709D000087E04B71A01A6B01D09DF01003B3006005F0F2F808F1A00F17F
:2085B800EE0E3C093B00024049A5080A40C46D00AB01C2F87F890400FF28F67FD80340C487
:2085D80049A5080AB04FF80309F03CF9370048406D009A01DF0F377F3C093B00024049A540
:2085F800080A40C46D009001C2F87F892C7FFF28F67F1DFF28FF3B400600BE013B900600F2
:208618003E0E3BF006003E0B3B8007003E083B8005003E053B5007005F0F598082023B4099
:2086380006003E043B9006007E0282123B0008010F0A80105F0104006F9A05003B800000DB
:208658003C0282403B8000105F100980D80349FF080AF80309F078F93C15D803B04FF8037F
:2086780009F03CF90B0000080B0110483B0004010F0A80105F010D807628370448000B003B
:2086980000080B0110483C13370468403C0F3B0004005F010B807626370450000B00004835
:2086B8003C06370470403C02F62282056F5A0600BBD0FF0F260A3C0282190BFA106889A47D
:2086D80040090B8910481D00CB003B300700FE066F5A0680BBF0FF9F9BF9FF97D8030BA89F
:2086F800104840C5029649A6080AB04FF80309F4BCF96D00CC021DFFA6FE3B600600BE0660
:208718003B600400BE033B500600BE003B5004003E0D3B7006003E0A3B7004003E073B1080
:2087380006003E043B1004007E0DD8038F0A0211AB698091B04FF80302F609F03CF974A01F
:208758003C2C3B200700FE086F6A0800D803B04FF80309F03CFA3C06D803B04FF80309F03C
:208778003CF98F0A02F1EA69DA004BF051F174AF3B6006603C123B200500FE09D8038F0A29
:2087980002F1EA6949FF080AF80309F478F96DFF09CE3B60066074A20B89104849A5080A72
:2087B80002A740C46DFF2BFA1DFF4DFE3B0007005F0F5D806F8A45006F0A0E80DA113C09FA
:2087D8003B00024049A5080A40C46D009D00C2F83F8FF8FFD803A03E49FF080A09FF3FF429
:2087F80049A5080A370F684040C46D002101FCE73BA0034049A5080A40C46D008500D8030E
:20881800A03E49FF040A09FF3FF449A5080A370F684040C46D000C01FCE7DA113C093B0017
:20883800024049A5080A40C46D006E00C2F83F8FF8FFD80349FF080AF8031DFF04FED80357
:208858003B8000400245B04FF8038F2A407109F03CF9820189A040093B80076049A5080A15
:2088780040C46D0000011DFFEEFD3BE006005F0F37803B0008010F0A80F03E036F9A0E00FC
:20889800D803B04FF80309FFBCF909A00809820189F040091DFFD7FD3B000401260ADA40B5
:2088B8007EAAD803B04FF80309FFBCF95802B4FF1DFFC9FD5F0A0B80D803B04FF80309FF26
:2088D800BCF9580234FF1DFFBEFDD803B04FF80309FFBCF9580274FF1DFFB5FD910000F6B3
:2088F800DA1959FF145009A208090090910000F6DA1759FF14503B0004406D000C007B00BE
:20891800FC27009037046840545FC21F745F1D000500BA0492F20090D44FBCF440F41D002A
:20893800BE11CC414C4280F07FF0068034F4CC41B01FEC410090404F405C3C06370F684034
:2089580040C46DFFEBFF09FF0100EEF900903704E82BB704894B8BF20F228B040024009057
:208978003704E82BB704894B8BF20F228B04202400903BF00F00804F1603063F0FF010007B
:2089980082FFC6F0C2F4604F804FB70F02F060F2B014542F260F742F77000004FCF600902E
:2089B800804F16033BF00F008F3F00100F10100082F1C610C2F4604F8041B70102200951CD
:2089D80001008F3F0030B0140F3110106022C21F542216032602A612742277000004FDF08C
:2089F800ED7F0090404F0B4510A849FD160A026840FCDA0034DF820702860BAB10486DFF48
:208A180015CD23820A0A0B2310A88BA060F2CA708B0003F089DF3FF48B0220F28B0300F5CB
:208A3800EEEB04DF24FFEEFE40C200900248404F8FC83F40405CDA090B4F2001DA37AB0F4D
:208A580083F042F46DFF60FF8FF8000140F4DA0940C50B0F2011DA37AB0F834142041DFFAA
:208A780053FF026E2020DA58404F0B4510A8405C027909AC600982085FEF7300DA643EED2A
:208A9800DA693EEBDA6F5FEF6C00DA75BEE4DA785FEF67001D00ED00D2000B0C50F10B1DFB
:208AB80000F20BD190F2EE073BD002800BC0C0C00BD1D0D00BCD104840A43BA000606DFF4A
:208AD80093FFF6B6BA0C8B0D00F4DF0FDF8040A46D00B40D370268C0DF081180DA753EE841
:208AF8008F890101DA087E043BB002803C078F8901F18B0F01F2AB08A28F768CABFA1FAA45
:208B18008F3900F16E0740F4028440C56DFFFCFE82086F0914808F2900F18B0F20F2864F2A
:208B38008B0F02F03C0740F402F440C56DFFECFEC2FA7FAB04003FACF87F768E40F40284BF
:208B580040C56DFFE1FE3C08C2FB61FFEECC6DFFDBFEABFA1FAA3FBCF97F1D008A008BFE3C
:208B7800268240A48F3820F08B8F00600BCD10486DFF3AFFDA78FEE314AF40A26E100920AC
:208B980000088BF01BF0370F6810DA193F1F05808B0002F0342F092F0104EEF240A46D004D
:208BB8004D0D370268F078068B0C20F28B0D00F5EE0AF6B6DF086A806F296800821BBBB081
:208BD800FFFF26F96F291B006F191300768E61FFACCC6DFF99FEABFA1FAA40F402E440C5A6
:208BF8006DFF92FEABFA1FAABBB0FFFF26F9DA6F7EE558063FBF0300921B6F290900768715
:208C18005806C22BC22F370F68F078066F0915808F2900F18B0F20F2864F8B0F02C03C070E
:208C380040F402C440C56DFF6FFEC2FA7FAB050058063FAFF77F6F291900DF08170061FF88
:208C580074CC6DFF61FEABFA1FAA40F402E440C56DFF5AFEABFA1FAA3C08C2FB61FF65CCA0
:208C78006DFF52FEABFA1FAA58063FBFF87FBBF0F74F40A4BBF0FF6F40F5269440C602A555
:208C98009BF6FF671D00030000900248404F025F405C0269406D6D00D10C022A6F081980A1
:208CB8003C083B00024040C440D56DFF2DFEC2FF3FFAF97F3FF9F77F3C0BC2F909F401000B
:208CD800DF04110040C440D56DFF1EFE8AFFDF09F6FF3C083B00024040C4C2FF40D56DFF7A
:208CF80013FEEEF90090910000F6D9FF1800D4F291200056D955408A01240046015420F4C4
:208D1800EE0891200056D955C08A014530F4EE0482FF60F20090F4F400908F141E2000901E
:208D380002483708E8FB8209EE03028200904B9801F02E046788BF8F82197B00F8F36B88E8
:208D5800714F6D004D0C3B3033F39B3FF3F34BF801F0AE264B2851406D0096003C0B3BB0E3
:208D7800FDF09B9FFCF34B8251406D008D006B02312F76936722BF2F00900B4510886DFF3C
:208D9800F1FDF62502946DFFEDFD76246B092128009002846DFFDDFDDF021B007B00F8F7AD
:208DB8004BF901F02E163BB0FD409B94F4433C4D7B00F8FF4BF901F01602BB40BE4C9B6448
:208DD80001443BB0FD009B90FC036A043C3E3709E8FB8200BA0F6E193708E8FBEE098F1986
:208DF8001EF03BB0FD209B9204246A8200904B0801F016043BB0FD209B92FC233BB0FD00DA
:208E18009B90FC0B6A0200904B0901F06F0F2C003708E8FB6E164B0801F02E2E3BB0FDF0FF
:208E38009B9F04F46788BF0F4B9051406DFF24F66B02312F00907B00F8FF4BF901F02E18EF
:208E58003BB0FD409B94044402851D002A004B9851406DFF11F63BB0FDF09B9F04FC6B0F1A
:208E7800212200904B0801F02E254B9851401DFF03F66788BFFF4B9F51406DFFFDF56722D8
:208E9800BF2F0090DA004BF401F02E231DFFF4F56744BF4F6DFFF0F56722BF2F0090B70410
:208EB800812F8F151EF08FFF01F0A6F200903B402A4082156D00812000903B402A4082050B
:208ED8006D007B2000903B90284082156D00752000903B90284082056D006F2000903B50B5
:208EF8002A4082156D00692000903B502A4082056D00632000903B80284082156D005D2033
:208F180000903B80284082056D00572000903BD042408205821682176D000C203BC0424030
:208F38008205821682176D0005200090DA006C41DA006C42DA00744FDA006C43DA006C4480
:208F5800DA006C45DA006C4ADA006C4BDA006C4CDA006C4600908234825582666D00D91ACA
:208F78008244826582766D00D41A910000F7D9FF2800DA0074FF910000F7D9FF2C00DA009E
:208F980074FF0090910000F7D9FFD06782346D00831B3252B4F2910000F7D9FFD4678244D3
:208FB8006D007A1BB4F282346D00931A82446D00901A00903B9028408215821682376D002C
:208FD800B91F3B8028408215821682376D00B21F3B502A408215821682376D00AB1F3B40C9
:208FF8002A408215821682376D00A41F00903B002C408205821682176D009C1F3B102C4009
:209018008205821682176D00951F3B202C408205821682176D008E1F3B302C4082058216D0
:2090380082176D00871F0090910000F7D9FF180091000027D922D067942F4B0F41F17B00B0
:20905800F8034B0F41F07BA03F044B0F41F07B0058044B0F51F074FF910000F7D9FF1C0028
:2090780091000027D922D467942F4B0F41F17B00F8034B0F41F07BA03F044B0F41F07B0036
:2090980058044B0F51F074FF00904C446C454C436C4454404C416B0F31F06C430945080974
:2090B8000940240909410C094C447B0000246B2F71114C456B0F211109421C0909430C096A
:2090D8004C446B0F3133094420094C434BF441406B3261246B1061F26B0F21F56C424C4289
:2090F800094034094B0F01F0370F61F16E034C4D6C424C42094038094B0F01F0370F61F03D
:209118006E034C4E6C4200904C436C4454404C416B0F31F06C430945280909462C090947F1
:20913800240909400C094C446B0F310009411C0909420C09094330094C434BF341304C4330
:209158004B0F31410B40C0414B0441414B4341306B2161F36B0761FF6B6561FF6C424C42F1
:20917800094034094B0F01F0370F61F16E034C4D6C424C42094038094B0F01F0370F61F0BC
:209198006E034C4E6C420090DA003B002C406D00C11EF62D3B4001406D0057193C013B006D
:2091B8002C406D00B71EDF02FC7FDA013B102C406D00B01EF62D3B4001406D0046193C01D8
:2091D8003B102C406D00A61EDF02FC7FDA023B202C406D009F1EF62D3B4001406D003519CC
:2091F8003C013B202C406D00951EDF02FC7FDA033B302C406D008E1EF62D3B4001406D00BE
:2092180024193C013B302C406D00841EDF02FC7FDA0402F23C0100902008910000F7D9FF53
:20923800F467DA0074FF820882093C0B820402956D00911CDF120580C21837086880C21989
:20925800DA0C3FF9F57F82093C31820402956D00F81C910000F6D9FF585009F0C008821173
:209278003C22910000F7D9FFF46754FF534F20F0910000F7D9FF141010FF534120F09100F0
:209298000026D92258501022542F74FF910000F7D9FFF46791000027D922F467542FC21F98
:2092B80074FFC2117F10DF7FC2193F89D07F910000F7D9FFF46754FF74AF91000048D9444A
:2092D800F0D16D003B0800903BE0A4249B420F24910000F7D9FFD46794FF4B0F41F17B004D
:2092F800F8034B0F41F07B0058044B0F51F0910000F7D9FFD06794F04B0041017B00F81330
:209318004B1041007B0058144B105100910000F7D9FF20007B00F8134B1041004B204100B8
:2093380074F0910000F7D9FF24007B00F8034B0F41F04B2F41F074FF910000F7D9FF280086
:2093580091000027D9222800542F91000027D922200054206B0021FF74FF910000F7D9FFF2
:209378002C0091000027D9222C00542F91000027D922240054206B0021FF74FF0090200846
:20939800910000F7D9FFF467DA0074FF910000F7D9FFF06754FFEE031D008800910000F785
:2093B800D9FFF06754FF370F7080910000F7D9FFF06754FF3B803E004B0F1102370068F0DE
:2093D800C21F370F68A0DA003C0E820402F56D00C21BDF120680820402F56D00E41BC21F1A
:2093F800370F68F03FAFF3FF6D00AA1B82093C54910000F7D9FFF06754FF3B803E007FF018
:2094180005803B803EF03C06910000F7D9FFF06754FF370F70B0910000F6D9FF5850B4FF5A
:2094380082103C24534020F0910000F6D9FF585010FF91000027D922F467542F534F20F026
:2094580091000027D92214101022542F74FF910000F7D9FFF46791000027D922F467542FA9
:20947800C21F74FFC210370070007F0BDDFF820402956D00C91C6D00631B910000F7D9FFE7
:20949800F06791000027D922F067542FA2BF74FFC219370968903FA9ADFF74A89100004860
:2094B800D944FBA16D004A070090910000F7D9FFFC6754FF910000F7D9FFF46754F03F0F2A
:2094D80035806DFF08FD6DFF1EFD6DFF10FD6DFFF6FC910000F7D9FFF457DA0034FF9100A7
:2094F80000F7D9FFE057DA0034FF910000F7D9FF1400DA0074FF910000F7D9FFE467DA00FB
:2095180074FF910000F7D9FFC477DA006CF2910000F7D9FFC087DA006CF291000048D94418
:20953800D9916D000B073C696DFFC9FC6DFFEBFC910000F7D9FFE4677B0016F474FF9100CD
:2095580000F7D9FFC07791000027D922FC67542F74FF910000F7D9FFFC6754FF910000F743
:20957800D9FFF46754F03F0F0D80910000F7D9FFC07791000027D922F467542FC2FF74FF25
:20959800910000F7D9FFFC8791000027D922C077542F534F20F091000027D92214101022A8
:2095B800542F74FF910000F7D9FFF86754FF7B0000044B0F01F016068B0F20F26E1E9100DC
:2095D80000F7D9FFEC5714FFEE18910000F7D9FFFC6791000027D922FC67542FC21F74FF98
:2095F800910000F7D9FFE857DA0134FF910000F7D9FFEC57DA0134FF009020106D0062085E
:209618006D00EC086DFFADC76DFFA7FC6DFFD4FC91000047D944C4776DFF8AFC91000047AC
:20963800D944C0876DFF84FC91000047D944FC876DFF7EFC6DFF6DFC6DFFDBFCBBA0704D34
:209658009B34C243BBD0CC5C9BC5F4536DFF4DF082046D001107910000F7D9FF3000DA05A1
:209678002CF13C1382446D009E10762891000048D944CBA16D0062063C0891000048D94476
:20969800E3A16D005B063C023CEE82243B803E506D00B91C910000F7D9FFE057DA0034FF23
:2096B80082181D003301910000F7D9FFF05714FFEE46910000F7D9FFD85714FF6E406DFFFD
:2096D80065FDDF123C80910000F7D9FFF057821034F0768E91000048D944F9916D002E06E1
:2096F800910000F7D9FFE457DA0034FF8208910000F7D9FFE057820034F06DFFECFB6DFF24
:2097180002FC6DFFF4FB6DFFDAFB910000F7D9FFF067820074F0910000F7D9FF28008200F0
:2097380074F0910000F7D9FF2C00820074F0910000F7D9FFF867DA0074FF3C4B910000F720
:20975800D9FFF05714FF6E456DFF20FDDF324280910000F7D9FFF057DA0034FF6DFFB5FBE0
:209778006DFFCBFB6DFFBDFB6DFFA3FB91000048D944EAC16D00E205910000F7D9FFF067C5
:2097980054FF74AF91000048D944EFB16D00D605910000F7D9FF141054FF74AF910000F7DB
:2097B800D9FF1410481F7801910000F7D9FF1410482F780291000048D944CEF16D00BE055B
:2097D8006DFFDFFD91000048D944E9916D00B605910000F7D9FFF45714FFDF0F898091004B
:2097F80000F7D9FFF85714FFDF0F8200910000F7D9FFD85714FF6E7B6DFFC8FCDF227880FC
:20981800910000F7D9FFF457DA0134FF910000F7D9FFE057DA0134FF910000F7D9FFE45737
:20983800DA0134FF91000048D944CAC16D008605910000F7D9FFF857DA0034FF6DFFEEFC77
:20985800910000F7D9FFFC67DA0074FF910000F7D9FF2800DA0074FF910000F7D9FF2C007F
:20987800DA0074FF910000F7D9FFF867DA0074FF910000F7D9FFE857DA0034FF910000F743
:20989800D9FFEC57DA0034FF910000F7D9FFFC57DA0034FF910000F7D9FFC067DA00B4FFB4
:2098B800910000F7D9FFE467DA0074FF910000F7D9FFE86791000027D922E067542F74FFF9
:2098D800910000F7D9FFFC8791000027D922E067542F74FF910000F7D9FFFC87DA006CF282
:2098F800910000F7D9FF1400DA0074FF910000F7D9FFF45714FF6E09910000F7D9FFFC57A7
:2099180014FF6E036DFFD3FD1DFFCFFE009020080D00000282046D00150D910000F7D9FF4A
:20993800C46791000027D922C467092FC008C21FB4FF910000F7D9FFC86791000027D92230
:20995800C867092FC008C21FB4FF910000F7D9FFD45714FFEE0D910000F7D9FFCC6791006F
:209978000027D922CC67092FC008C21FB4FF910000F7D9FFCC6709FFC0083B401F003F0F9B
:209998000E80910000F7D9FFD457DA0134FF910000F7D9FFCC67DA00B4FF910000F7D9FF08
:2099B800F45714FF6E13910000F7D9FFFC5714FFEE0D910000F7D9FFC06791000027D922B5
:2099D800C067092FC008C21FB4FF910000F7D9FFC06709FFC0083B80BB003F0F1480910074
:2099F80000F7D9FFFC57DA0134FF910000F7D9FFC067DA00B4FF91000048D944CBD16D000C
:209A18009D04910000F7D9FFC46709FFC008BF2F7D81910000F7D9FFC467DA00B4FF6DFFC2
:209A3800B3FA6DFF03FB6DFF51FC910000F7D9FFF86791000027D9222800542F9100002769
:209A5800D9222C0054206B0021FF7B00F8034B0F41F07B0000044B0F51F074FF910000F7B2
:209A7800D9FFE85714FF6E1F910000F7D9FFE857DA0034FF910000F7D9FF2800DA0074FF96
:209A9800910000F7D9FF2C00DA0074FF910000F7D9FFF867DA0074FF910000F7D9FFEC5726
:209AB800DA0034FF910000F7D9FF040091000027D9221C00542F74FF910000F7D9FF0800F0
:209AD80091000027D9221800542F74FF910000F7D9FF0C0091000027D9221C00542F91005E
:209AF8000027D922180054206B0021FF7B0000044B0F51F074FF910000F7D9FF1000910087
:209B18000027D9221C00542F91000027D922180054206B0031FF74FF910000F7D9FFC47784
:209B380091000027D9221C00542F6CF1910000F7D9FFC08791000027D9221800542F6CF10C
:209B5800910000F7D9FFC47791000027D922E467542F91000027D922140054206B0021FF0B
:209B780074FF910000F7D9FFC08791000027D922E467542F91000027D922140054206B008C
:209B980031FF74FF910000F7D9FFF05714FF6E4D910000F7D9FFF86754FF7B0000044B0FAA
:209BB80001F016068B0F20F26E40910000F7D9FF2800DA0074FF910000F7D9FF2C00DA00EB
:209BD80074FF910000F7D9FFF867DA0074FF910000F7D9FFF06754FF3B00F4017F0F208086
:209BF800910000F7D9FFF06754FF534F20F0910000F7D9FF141010FF91000027D922DC6708
:209C1800542F74FF910000F7D9FFF06791000027D922F067542FC21F74FF3C079100004882
:209C3800D944D4B16D008A03910000F7D9FFE05714FF6E0D91000047D944C4776DFF27FA8E
:209C580091000047D944C0876DFF21FA910000F7D9FFC477482F82004B0F01F0370F61F1B2
:209C78006E0C910000F7D9FFC47748246DFF4CEE02246DFFA6C43C1A910000F7D9FFC477B8
:209C9800482F82004B0F01F0AE0582046DFF99C43C0D910000F7D9FFC477482F67FFBF4F97
:209CB8006DFF32EE02246DFF80C4910000F7D9FFC087482F82004B0F01F0370F61F16E0C2D
:209CD800910000F7D9FFC08748246DFF1DEE02246DFF8FC43C1A910000F7D9FFC087482F89
:209CF80082004B0F01F0AE0582046DFF82C43C0D910000F7D9FFC087482F67FFBF4F6DFF4D
:209D180003EE02246DFF69C4910000F7D9FFC86709FFC008BF5FCE80910000F7D9FFC86721
:209D3800DA00B4FF910000F7D9FFDC6791000026D9222C4054246DFF74EC74F2910000275B
:209D5800D922D867910000F6D9FF204094FF4B0F4101910000F6D9FF6C10481F4BF051F005
:209D7800742F910000F7D9FF000091000027D922D867542FBBD0CC0C9BC0E40391000027F6
:209D9800D92200005421BBD0CC2C9BC2F4234B2141106B0F61F174FF910000F7D9FFFC8765
:209DB80091000027D9220000542F6CFB910000F7D9FFD45714FF6E39910000F7D9FFDC5716
:209DD80014FFEE33910000F7D9FFE06791000027D922DC67542F74FF910000F7D9FFFC87C1
:209DF80091000027D922DC67542F74FF910000F7D9FFD857DA0134FF910000F7D9FFE0572B
:209E1800DA0134FF910000F7D9FFDC6754FF74AF91000048D944DBE16D009002910000F7CA
:209E3800D9FFDC57DA0134FF910000F7D9FFE05714FF6E3F910000F7D9FFFC8791000027FF
:209E5800D922DC67542F6CF1910000F7D9FFEC6791000027D922DC67542F91000027D922ED
:209E7800FC8754206B0031FF74FF910000F7D9FFEC6754FFB70F81FF7B00F8034B0F01F0B8
:209E9800AE28910000F7D9FFFC87DA006CF23C0791000047D944FC876DFF38F991000027A9
:209EB800D9221400910000F7D9FFFC87482F742F82146DFF39C88278DA010F8F00F0892F60
:209ED80028290D00400200806D00080482046D00390A3C013C000090B705819F0248B708AD
:209EF800814F02956D003D028F121EF06E036B0921220B2810481DFFD4F70D000002820459
:209F18006D00200A82046DFF0FC88278DA010F8F00F0892F28290D00400200800D0000027F
:209F380082046D000F0A82046DFFFEC7DA0982180FF80080892828290D00400200800D0064
:209F5800000282046D00FE0982146DFFEDC7DA0982180FF80080892828290D004002008062
:209F78000D00000282046D00ED09910000F6D9FF3040D4FF2D0F00000D00400200800D0017
:209F9800000282046D00DE0982046DFF30E8762682046DFF04E76D00820B82446DFF27E80F
:209FB800762482446DFFFBE60D00400200800D00000282046D00C60982146DFF18E8762B99
:209FD80082146DFFECE6910000F6D9FF3C40D4FF2D0F000082546DFF0AE8762482546DFF9B
:209FF800DEE60D00400200800D00000282046D00A90982346DFFFBE7762B82346DFFCFE686
:20A01800910000F6D9FF3840D4FF2D0F000082746DFFEDE7762482746DFFC1E60D0040021A
:20A0380000800D00000282046D008C0991000046D9446C516DFF06C70D00400200800D002B
:20A05800000282046D007E096D00F1030D00400200800D00000282046D0074090D0040026E
:20A0780000800D00000282046D006C0991000046D94458716DFFE6C60D00400200800D0020
:20A09800000282046D005E09910000F6D9FF3440D4FF2D0F00000D00400200800D0000028C
:20A0B80082046D004F0991000046D94444916DFFC9C60D00400200800D00000282046D00A8
:20A0D8004109910000F6D9FF0050D4FF2D0F00000D00400200800D00000282046D00320954
:20A0F80091000046D94470A16DFFACC60D00400200800D00000282046D0024096D00D10920
:20A118000D0040020080C234B70402F06E659249DF096300910000F6D9FF2C5054FFEE158B
:20A1380082046DFFE2F5802F325F160392446DFFDCF58020DFF051001022F4F29100004623
:20A15800B542285082007420D4FC820A3C0310CCB0FC54CF6E036F0FFCFFF4FC3C1DB7082A
:20A1780001F010CF6F08188054FFEE1182046DFFBCF549F4040A7D420F80325802846DFFDE
:20A19800B4F5802F1EF874CA82083C0CAE0442F874C840CF40FC54C876856F08E2FF3F9870
:20A1B800E0FFDF082680BF19180002946DFF9DF5802F9EF249CF040A01F220F4EE0D012F00
:20A1D80030F4EE12802F325F1603102F92446DFF8CF5802F5EF3A002009001CF2020802FF7
:20A1F800960174CF40FC01C900F674FA3C0A9A493FF8078001C900F6A29874F83C020289ED
:20A218008F1940F174CF49C2040A0090DF043000404FBF842780804F8F3F000180518F31A6
:20A2380000115F101F802E06C2F4045F344F494F010A80FF2E16045F24FFC2E4045F24FFFF
:20A258008F7400018FD41FF06E0B02F14052C2F160160922480189F24801FC6CD05502047E
:20A278007646C2F46042045F24FFFC2E40420090404FBF852380804F2E05C2F53444494FB1
:20A29800010A80FF2E1424F4C2E524F48F7500F106D5DF051200D200764A370468008F80F9
:20A2B8002010A6108F002110A6100201C2F5605289F04801FC2E02F57655C2F5605224F48F
:20A2D800FC2F40420090024F370FE81B8F1F1E00DAFF7E17024F7444B70F89FB6E123C0B3B
:20A2F8008FF00150DA7F7FF10900DA00B70F81FFA65F744F02420090DA963FF10A00744486
:20A31800DA00B70F81FF8FF00120A6F20090B704890B8F71012082F38B6109110F13003000
:20A338002630B700890BA652A60274426B0231F4B70F812FA652009020104045910000F642
:20A35800D9FF1C0049F2140AF4A249A6100A40A46DFF72F009FFE4081640AAF200902008A9
:20A3780040A41D00020002408F101E30B700890B3705E82B024FB710817BB705890B370F4F
:20A39800E81BDAFF8F151E60B710818B02397E28B705890BF6033E143C10025200907E1694
:20A3B800024FB70F89FBEE0B3C02F6231DFFA0F276149A117F2F0600DA00744F0242009092
:20A3D8007F8704808617C2F1820A3F2118003C093F870580A2878F1A40A18617861AC2F154
:20A3F8003F12F87F3F870780A287C21A3C038617C2F176748F973EF06EFB8E12F673820169
:20A4180002175F210E009AF25F1F21803F7809805F871D8082204B0A0142DF0518009AF24D
:20A438007E1206188B030092A2870B70C0718F873EF06E0686F7C2113C038617C2F17674E0
:20A458008F973EF06EFBC21A3C068F873EF06E0386F7C211B707892B076360F06E02325ADC
:20A4780037016800744A8FF901F08F700100A60FA6F20090DA00BE44DA015F4F2500DA02AA
:20A498005F4F3500DA035F4F4500DA045F4F5500DA055F4F6500DA065F4F75003C749100DA
:20A4B80000F6D9FF283091100028D922DC2AF4F2910000F6D9FF243091100028D922FE1A1F
:20A4D800F4F23C61910000F6D9FF283091100028D9222E9CF4F2910000F6D9FF2430911062
:20A4F8000028D922368CF4F23C4E910000F6D9FF283091100028D92218EBF4F2910000F604
:20A51800D9FF243091100028D92220DBF4F23C3B910000F6D9FF283091100028D922421B03
:20A53800F4F2910000F6D9FF243091100028D9224A0BF4F23C28910000F6D9FF28309110AF
:20A558000028D922022CF4F2910000F6D9FF243091100028D9220A1CF4F23C15910000F651
:20A57800D9FF283091100028D922F89BF4F2910000F6D9FF243091100028D922C87BF4F2B6
:20A598003C023C01009082023C01009002423C0100906F770C006F0505808FF707F16E0659
:20A5B800C215EF850400C21606F5B70589FB8F7601008F840120A60FA6F20090201049A6EB
:20A5D800100AA00FF4AF89A4840982FF780240A46DFF32EFD801DA0034FF009002483708D2
:20A5F800E8FBEE05820402851DFF5BF46DFFB1F1DF022280DA004BF801008F3000F16E0523
:20A618006F001A001DFF74F14B0891F17B00F0034B0841007B00FC134BF041206BF271212C
:20A638004B2F41F04BF041006BF071014B0F41F04BF8418002820090404F044FEEFF01F4A7
:20A6580020F080F2C2F200903C08C2F4044F04506E023E0352020090DF04F9FF82020090F7
:20A67800145F6E143C0F405F40423C03B01FB01209FF00086E05092000085F0FF97F6E0683
:20A69800B014144FEEF1A0020090404200903B00D0269B9212246B4461224B4441F0BBE037
:20A6B800F408BB50061D9BA014049BB10C146B1F61106BF261F04BF151F04B4F41200090E8
:20A6D8006D0030066D000A006D0013006D007A0E82046D00370600906DFF25E602246DFF0A
:20A6F80079E56DFF34E602246DFFB8E50090910000F6D9FF10806DFFF2DF68224DC0E1FFFC
:20A718008F7F00413C01910000F6D9FF10806DFF29DF6812910000F6D9FF10806DFF34E049
:20A7380074F2910000FFBCF16DFF16E0913000FF39FF3506160F4B0F41F14BF251F03C015D
:20A758003C01910000F6D9FF10806CF30090404F0258F64791000026D9223030142FEE025B
:20A778003C1F91000026D9222C30142F6E033C013C0091000026D9222C30DA00C21F342FFF
:20A798006D00C4053C0C91000048D9441412A00640F502846D0075006D0004003CF5009092
:20A7B8002008DA0074AFDA007801DA0074AF3C0FDA0078013C045801C21F780158013BF0F7
:20A7D800FF017FF0FAFF54AFC21F74AF54AF3BF0FF007FF0EFFF0090201849A4000A6D003C
:20A7F8003102911000F8D9FFEA2AF80249A4000A6D00EC018204BB00205C9B1500508206F9
:20A8180082076D007F2191000046D9443890820491000056D95534803B0004506D009F02E2
:20A83800820482156D0086230090910000F6D9FF343014FF6E13820491000046D9443490A8
:20A858006D00652391000046D944389091000056D955349082146D0052040090404676422F
:20A878003C0E910000F6D9FF343014FF6E0891000048D944211202546D0003000090D9AA28
:20A89800E86F404C405D0248406E820089A08C08DA00ACA7DA007804DA00ACAADA00ACAB05
:20A8B80040D46DFFCBFE89A2100991000026D9222080092FC0086E08910000F6D9FF20802C
:20A8D800C84F2D0F0000910000F6D9FF343014F0DF007B01910000F6D9FF208009FFC0081C
:20A8F800DF0F3F0109A096088CABC21FACAB910000F6D9FF2080C83F82043700705040C4D5
:20A918002D0F000040D46DFF99FE89A21009910000F6D9FF208009F0C208910000F6D9FF67
:20A938002080086F4BF0010289A094083C0109DF0008B01DEEFDDA00ACA73C11B0FD09D000
:20A958000008DA2F3E0509D00008DA5C7E0509AFCE08C21FACA75804C2FF780409AFCE0808
:20A97800FF2F05805804FF0FEB7F58040EFCB01DF4AD49A4180A91000058D95507026DFFC9
:20A998001FFE3C1709AFCE08EE0BF4AD49A4180A91000058D95510026DFF12FE3C0AF4AD6C
:20A9B80049A4180A91000058D95507026DFF08FEDA00ACA63C4CDA00ACA73C2349A4180A8F
:20A9D8006DFF3CFE09A0CC088CAA09A1CE0803F00AF17FF203803C1A09AFCE0810AF49FFB9
:20A9F800184A09A0CC088CAA09A1CE0803F00AF110A2092F180834FF09AFCE08C21FACA7BD
:20AA180009A0CE088CAA3FF0DB7F09AFCE0810AF49FF184ADA0034FF910000F6D9FF2080DD
:20AA380008708CABE2F08CABC21FACAB910000F6D9FF2080C83F82043700705049A4184A3C
:20AA58002D0F000009AFCC08C21FACA609A9CC0849A4180A6DFFF2FD8CAA4BF211029A10C3
:20AA78003FF9ABFF74A849A4180A91000058D9551D026DFFA5FD910000F6D9FF2080087FE7
:20AA980009A09608E2F08CABC21FACAB910000F6D9FF2080C83F82043700705049A4180A84
:20AAB8002D0F0000A00F7DEF5B00DA00ACA63C4CDA00ACA73C2240E46DFFC0FD09A0CC08C3
:20AAD8008CAA09A1CE0803F00AF17FF203803C1A09AFCE0810AF49FF184A09A0CC088CAAC6
:20AAF80009A1CE0803F00AF110E2092F000834FF09AFCE08C21FACA709A0CE088CAA3FF0C5
:20AB1800DC7F09AFCE0810AF49FF184ADA0034FF910000F6D9FF2080087F09A09608E2F01F
:20AB38008CABC21FACAB910000F6D9FF2080C83F82043700705049A4184A2D0F000009AFC8
:20AB5800CC08C21FACA609A8CC0840E46DFF76FD8CAA4BF211029A103FF8ACFF3C3549A4DE
:20AB7800185A82043B0010506DFF84FB910000F6D9FF2080C82F40C42D0F0000A00F7DEFEE
:20AB98001000F4AD89A8040989AE880949A4185A91000058D95526026DFF12FD3C0CF4ADE4
:20ABB80089A8040949A4185A91000058D9553F026DFF06FD910000F6D9FF2080C82F49A436
:20ABD800185A2D0F00000090910000F6D9FF2080094FC008B4FF910000F6D9FF2080094FF6
:20ABF800C208ACF1910000F6D9FF2080094FC408ACF2910000F6D9FF20800C462CF6910011
:20AC180000F6D9FF20800C472CF7910000F6D9FF208009428809E822910000F6D9FF208054
:20AC380009428C09E83291000026D9222080CC44EC24910000F6D9FF3430DA0134FF00902F
:20AC5800DA00B44FBBF0FFFFAC41BBF0FFFFAC42DAFF2C46DAFF2C47A00FEC42A00FEC4380
:20AC7800A00FEC4400902008404574A491000046D944389049A6000A82046D008C0054A25E
:20AC98003C010090024582046D00C42282023C01009082046D00DB220090024F8204370FC1
:20ACB80068506D00C32202F23C010090404FA00201F2104491000048D9442D123B50055024
:20ACD8006DFF47FD820814FF960134FFDA006CF2DA006CF3485F6CF4081F82003E0682104E
:20ACF8003E0A8220BE003C17C814820448556DFFC1FA3C11C8148204485F532F20506DFF67
:20AD1800B9FA3C09C8148204485F534F20506DFFB1FA3C01DA0034FF02823C0100904C43C7
:20AD3800424F6C433C064C4309401409A20F6C434C4509400C097FF0F8FF00904C42424F20
:20AD58006C423C064C4209401409A20F6C424C45094008097FF0F8FF0090404F024F405C3B
:20AD78000258A00201F2104491000048D9442D123B2022506DFFEDFC8202E81C820034F0F3
:20AD98002CF1DA006CF2DA006CF3684868583C010090404F405C406D0249A00201F21044C4
:20ADB80091000048D9442D123B1016506DFFD1FCA00201D2104491000048D9442D123B2003
:20ADD80016506DFFC6FC82088200A0027DC2058082381D00900014FF16036E0574D0826821
:20ADF8001D009F0040F46D00790154D07F020B8074D28278F62714FFB70F81F134FF1D003C
:20AE1800900014FF960834FF485F4830520A54D03F0A2B80081F82003E0682103E0C8220A8
:20AE3800BE063C21C812483F102554D440C46DFFEFF93C19C812483F532F20F0102554DF13
:20AE5800532F204040C46DFFE3F93C0DC812483F534F20F0102554DF534F204040C46DFF76
:20AE7800D7F93C013C43081F82003E078210BE0482205F0F27003C3AC812483F102540C4A5
:20AE980002A46DFFC5F901CA0046C81554D4A2A46DFFBEF93C2BC812483F532F20F01025BC
:20AEB800532A204040C46DFFB3F9532A20F010C4C81554DFA2AF532F20406DFFA9F93C167D
:20AED800C812483F534F20F01025534A204040C46DFF9EF9534A20F010C4C81554DFA2AF2C
:20AEF800534F20406DFF94F93C0114FFB70F81F134FFDF09168014F0DA0B7E0382283C10A6
:20AF180014FF960234FF54D440F46DFF0AFF484F54D0420F6CF414FFB70F81F034FF0282FD
:20AF38003C010090404F405C406D0249A00201F2104491000048D9442D123B401C506DFF98
:20AF580008FCA00201D2104491000048D9442D123B501C506DFFFDFB82088200A0027DC28F
:20AF7800058082381D00AE0014FF16076E0574D082681D00B00040F46D00B00054D07F021B
:20AF98000B8074D28278F62714FFB70F81F134FF1D00A10014FF960834FF4820483F3F0F54
:20AFB8000680482F54D03F0F3180081F82003E0682103E0E8220BE0A3C27C812482F54D04C
:20AFD800A20F102554D440C46DFF22F93C1DC812482F54D0A20F532F20F0102554DF532FC5
:20AFF800204040C46DFF14F93C0FC812482F54D0A20F534F20F0102554DF534F204040C4CB
:20B018006DFF06F93C013C5954DA482FA2FA081F82003E078210BE0982205F0F33003C4D87
:20B03800C812485FA2AF102540C402A46DFFF0F801CA0046C812482F54D0A20F102554D45F
:20B05800A2A46DFFE5F83C39C812485FA2AF532F20F01025532A204040C46DFFD9F8532AA0
:20B0780020F010C4C812482F54D0A20F532F20F0102554DFA2AF532F20406DFFC9F83C1DFB
:20B09800C812485FA2AF534F20F01025534A204040C46DFFBDF8534A20F010C4C812482FEB
:20B0B80054D0A20F534F20F0102554DFA2AF534F20406DFFADF83C0114FFB70F81F134FF6A
:20B0D800F69914F0DA0B7E0382283C0440F46DFFEFFD02823C010090404FA002012F1044E3
:20B0F80091000048D9442D123B6007506DFF31FB485F484052023C010090404F405C0248B4
:20B11800A00201F2104491000048D9442D123B000B506DFF1EFB8209A0027DC20580823932
:20B138001D00B50014FF16056E0482491D00AF0014FF960434FF484F3F8FA480485F482076
:20B15800520A7F8A69800810DA003E0882115F012000DA025F0F3E003C5DC812482F102498
:20B1780040C502A46DFF54F840F402A46DFFE8FDC812482F102401CA00560BA880406DFFA4
:20B1980047F80BA8804040F46DFFDAFD3C43C812482F532F20F01024532A204040C56DFF8A
:20B1B80037F840F402A46DFFCBFDC812482F532F20F01024532A20F010C55AA8532F2040DD
:20B1D8006DFF26F80BA8804040F46DFFB9FD3C22C812482F534F20F01024534A204040C56D
:20B1F8006DFF16F840F402A46DFFAAFDC812482F534F20F01024534A20F010C55AA8534F73
:20B2180020406DFF05F80BA8804040F46DFF98FD3C013C33081F82003E068210BE0082201A
:20B23800BE0D3C2BC812482F102440C502846DFFEFF740F402846DFF83FD3C1FC812482F10
:20B25800532F20F010245328204040C56DFFE0F740F402846DFF74FD3C10C812482F534F17
:20B2780020F010245348204040C56DFFD1F740F402846DFF65FD3C01484FA28F6CF43C0213
:20B29800825914FFB70F01F134FF02923C0100902010404C0248A00F01FC1044910000487D
:20B2B800D94415223B0008506DFF53FADA00A00F7DCF03803C29CE873BD0020034C0B01CF7
:20B2D80032583C05F684DA3034CF3C1E3C113BA000004B0801020E123C02325110AF34F167
:20B2F800C21F370F68F03BA000004B080182DF08F0FF3C0910AF09F07FF88B00030034C03A
:20B31800B01CC2FFEEF800906D000C006D006C0E6D0040136D00E80A82046D0013000090FD
:20B338004DC0E2FF370FE1F78B0F20F23C010D00400300003C013C018B0F00223C010090AD
:20B35800F6430D00000300902008404F024FA00201F2104491000048D94401323B700C50DB
:20B378006DFFF7F974AF91000046D94410A049A6000A820440F56DFF0EFD54A23C010090A4
:20B39800404F0248A00201F2104491000048D94401323B3006506DFFDCF982093C263B2060
:20B3B80014406D00B70DDF021980DA1E3FF80E8082243BE0015040F46D002C1F49FF1E0A4B
:20B3D8008B281E8082093C08822440F402856D00211F82083C0C3C09C219DA643FF903803C
:20B3F8003C0682146D003108DF08DBFF02823C0100902008404F024FA00201F21044910023
:20B418000048D9442C323B300C506DFFA2F974AF91000046D94428A049A6000A820440F5F0
:20B438006DFFB9FC54A23C010090404F0248A00201F2104491000048D9442C323BF005507A
:20B458006DFF87F9DA003C273B2014406D00620DDF021980DA1E3FF80E8082243BE00150D7
:20B4780040F46D00D71E49FF1E0A8B281E80DA003C08822440F402856D00CC1E82083C0DB4
:20B498003C0AC21F3B401F003F0F03803C0682146D00DB07DF08DAFF02823C01009020109A
:20B4B800DA0089AF0609910000F6D9FF044014FFDF0FB8003C0A91000046D94400B049A51F
:20B4D8000A0A82146DFF1BFE823449A40A0A6D001E1DDF02F2FF0CAA3BA000005F0FA280D3
:20B4F800DA0689AF060991000046D94400B049A5000A49A6060A82146DFF4DFC49A4030A2D
:20B5180091000058D955204282346DFF9FF8DF022480910000F6D9FF004014FF9E2C91004F
:20B5380000F6D9FF0040DA0134FF91000046D94400B06DFFD3FD89A2060991000046D944C9
:20B5580000B091000056D95518D049A6060A82046DFF21FC3C5A49A4030A91000058D95571
:20B57800244282346DFF72F8DF022480910000F6D9FF3C3014FF9E2C910000F6D9FF3C30C9
:20B59800DA0134FF91000046D94400B06DFFA6FD89A2060991000046D94400B0910000560D
:20B5B800D95518B049A6060A82046DFFF4FB3C2D49A4030A91000058D955284282346DFF97
:20B5D80045F8DF022380910000F6D9FF084014FF9E2C910000F6D9FF0840DA0134FF9100C8
:20B5F8000046D94400B06DFF79FD89A2060991000046D94400B091000056D95518F049A654
:20B61800060A82046DFFC7FB91000046D94400B06DFF4EFB910000F6D9FF3830DA0134FF20
:20B6380000903B00C0F70FF48000BB0000F8264F8F0F0120DA003E053B00C0F7BE0B3C23CF
:20B65800B70416F5EE023C29861F3C07861F370F70F0C210370070006FAFFA7F8B000701E1
:20B678008F700100B70F16F58FDF00F0420242F23C147B00F8F7422FB70416058FD000208B
:20B6980042F23C0BB70491F782708FE00000420F8FDF00F042F23C0100906D0003000090C3
:20B6B8002008910000F6D9FF681014FFDF6F7A0049AF000A3B0008406D006C023B7001404C
:20B6D8003B0002506D006B0282243B1003506D006602DA003C0E3B8000408BCF04506D0098
:20B6F8005E0210FC3B9000406D00DA0134C2C21FBF8FF3FF3B70014082056D0050028204A4
:20B718006D00480291000046D944581049A5000A6D00730291000046D944581091000056E1
:20B73800D955284091000066D966244091000076D9772C406D00B40249AF000A3B800240DC
:20B75800826540F46D00DC0191000026D9220C4094FFB42F910000F6D9FF10408CA1B4FF69
:20B77800910000F6D9FF14408CA2B4FF49AF000A3B200240826540F46D00C201910000267C
:20B79800D922184094FFB42F910000F6D9FF1C408CA1B4FF910000F6D9FF20408CA2B4FF8D
:20B7B8000090201002488209910000F6D9FF681034F88270B4A0DA0CACA23B3019F0ACA49B
:20B7D80082048205BB0068699B86096082076D0047123BD028408215821682376D00AA0B62
:20B7F8003BA000406D0031066D00BB01DF021200820491000048D9442C4291000058D95555
:20B8180007523BE01A506DFF2BF882191D004501821482456D00C3013BE001406D00150633
:20B838003B2001403B4004506D00B9018220DA00BE0A82115F012700DA025F0F3300DA03A6
:20B858005F0F3F003C01820491000048D944335291000058D95507523BE01B506DFF00F88B
:20B8780082193C3D3B70014082056D009801910000F6D9FF6C103B102EF19B0F68F474FF65
:20B898003C2E3B70014082156D008901910000F6D9FF6C103B102EF19B0F60F474FF3C1F9B
:20B8B8003B70014082256D007A01910000F6D9FF6C103B102EF19B0F58F474FF3C103B7050
:20B8D800014082356D006B01910000F6D9FF6C103B102EF19B0F50F474FF3C01DF19048020
:20B8F8001D00DB00DA0482005F0F210082105F0F2D0082205F0F390082305F0F45008240AC
:20B918005F0F510082505F0F5D003C01820491000048D9441A6291000058D95507523BF0E3
:20B938001D506DFF9DF782193C5C3B50014082056D003501910000F6D9FF6C10BB7024F936
:20B958009B4F36F46CF13C4D3B50014082156D002601910000F6D9FF6C10BB7024F99B4FD1
:20B978002EF46CF13C3E3B50014082256D001701910000F6D9FF6C10BBA023F99B4F26F468
:20B998006CF13C2F3B50014082356D000801910000F6D9FF6C10BBA023F99B4F1EF46CF123
:20B9B8003C203B50014082456D00F900910000F6D9FF6C10BBA023F99B4F16F46CF13C112A
:20B9D8003B5001403BC000506D00E900910000F6D9FF6C10BBA023F99B4F0EF46CF13C010A
:20B9F800DF1903803C593B0001403B5001506D00D6003B1001403B8001506D00D0003B6014
:20BA1800014082156D00CB003B8001403B8000506D00C500DF6841003BE000403B0008504F
:20BA38006D00BD003B3001403B8000506D00B7003B3006403B0003506D00B1003B00014010
:20BA58009A389610370F68506D00A9003B1001409A389610370F68506D00A1003B000840AF
:20BA78006D0098003BE0054086388F3844F1370F68506D009400824482256D0090003B707B
:20BA9800014082056D008B0082046D008300821482056D00390702923C0100900248DA0009
:20BAB8006E0A3BD028406D00BB09B0423B0000F2742F3C093BD028406D00B209B0427B0043
:20BAD80000F2742F82048F0848516D00A4160228DA016E0A3BD028406D00A209B0423B00A7
:20BAF80000F2742F3C093BD028406D009909B0427B0000F2742F02823C0100900248404FA6
:20BB18000259DA006E0A3BD028406D008909B0423B0000F2742F3C093BD028406D0080097E
:20BB3800B0427B0000F2742F82048F08485140F402966D00B816DA016E0A3BD028406D00FB
:20BB58006F09B0423B0000F2742F3C093BD028406D006609B0427B0000F2742F00908209E2
:20BB780082080280C21837087080DAFF7F0F048082193C0C3BF000406DFF92FF022A8214A0
:20BB98006D006304DA705FAFEEFF02923C010090024582146D00030000900B451088DA0074
:20BBB8006E0A3BD028406D003B09B0423B0000F2742F3C093BD028406D003209B0427B0042
:20BBD80000F2742F8204028502966D003E17DA016E0A3BD028406D002309B0423B0000F2D3
:20BBF800742F3C093BD028406D001A09B0427B0000F2742F00902010404F405C09C4C008C0
:20BC18006DFF11FD74A209C4C2086DFF0CFD89A2040909C4C4086DFF06FD89A2080909C427
:20BC3800C6086DFF00FD89A20C0909A00C0909A10C0909A2080909A3080954A454A509A6DF
:20BC5800040958014BF641F06B5461FF6B3261FF6B10614F6DFFC4F43BF026F19B3FA8F3D2
:20BC78004BF201F0370F61F16E19580382004B0F01F0AE023C036722BF2F58014B2F51F0BD
:20BC980074FF58024B2F51F06CF154AF4B2F51F06CF258034B2F51F06CF300902010404FC7
:20BCB800405C406D407E54FF54F04B0F4180481F48104B0F4100482F48214B1F41904811E5
:20BCD800483254F3482F4BF341F06B2161FF7B0000144B1F41407B00F8F36B0821007B00CA
:20BCF80000146B10715F6DFF4AE874A254F0483F4BF04100481F48216B1F71F07B00000498
:20BD18004B0F41406DFF0EE86722BFFF780154F048114822483F4BF241F06B1061FF7B00BC
:20BD380000044B0F41407B00F8F36B0921087B0000146B10715F6DFF22E889A2080954AF7A
:20BD58007B4033044B0F41F03BA0FD009B9004044B0F51F074AF58017B4033044B0F41F0AF
:20BD78003BA0FD009B9004044B0F51F0780158027B4033044B0F41F03BA0FD009B900404AA
:20BD98004B0F51F07802580282004B0F01F0AE0358023C0658027B403B046B0021FF7802A9
:20BDB80054A074C009A0040974D074EF009000902028404C024FA00F01CF104491000048F5
:20BDD800D94402723B2023506DFFC3F474AF910000F6D9FF4C2014FFEE37910000F6D9FF44
:20BDF8004C20DA0134FF3B803E406D00070176223C25DA022CA4DA00ACA349A4040A3B00FF
:20BE180002406D009C000CA43B0009003E050CA43B1009007E0E09AFC6086E0B9100004622
:20BE3800D944741049A5080A09A4C6086DFF67F90CA43B0009005F0FD87F910000F6D9FFEA
:20BE58004C20DA0034FF91000046D944741049A6000A820440C56DFF9EF754A23C01009091
:20BE78002028404F024991000026D9224C20142FEE6291000026D9224C20821034203C2B6C
:20BE98003B80FF007F9005803B80FF803C0202983B803E406D00B20076223C1F49A5000AE7
:20BEB80040F402846D006C0014A0DA903E0414A0DA917E0E09AFC2086E0B91000046D944DD
:20BED800741049A5040A09A4C2086DFF18F9A28901F800F6DF09D6FF3C243B803E406D00F9
:20BEF8008D0076223C22DA0234AFDA00ACA149A4000A3B0002406D00220014A0DA903E045E
:20BF180014A0DA917E0E09AFC2086E0B91000046D944741049A5040A09A4C2086DFFEFF825
:20BF380014A0DA905F0FDB7F910000F6D9FF4C20DA0034FF02923C010090404F024F3B208F
:20BF58002C406D006D07B0427B40000074208234824540F440F56D00F4146E09823440F47F
:20BF7800B044B04F40F502F56D00EB143B202C406D005607B042DA04742F0090404C405F5F
:20BF980002483B202C406D004B07B0427B4000F0742FDA0234FFA8188234824540F440F5C4
:20BFB8006D00CF14DA207F8F12808234B04F3B00025040C440F56D00C414823449C4200AD2
:20BFD8008B081E506D0008153C1040F4B04440C502846DFF1DF1823440F4B04440F5B0453D
:20BFF8003B0002506D00AD143B202C406D001807B042DA04742F0090DA00534426803C09BC
:20C018003BA000406D004202C21F3F8F03803C073B801E406D007E07DF02F47F0B8F50215D
:20C038003C01009091000046D94450206DFF40F600902008404F024FA00201F21044910003
:20C058000048D9443C723B0043506DFF82F374AF91000046D944502049A6000A820440F5CB
:20C078006DFF99F654A23C0100902020404C0249A00F01CF104491000048D9443C723BB071
:20C098003B506DFF66F33B007182910000F8D9FF2E8249FF000A49A2000AC5041F0004FFC7
:20C0B800242FFC4E910000F6D9FF682009FF5328DF1F6E80910000F6D9FF682009FF51280D
:20C0D800EE516DFFB1FF49A4000A02946DFFE2F83B0000F27F9F0A80822491000048D944A9
:20C0F8000E926D00B4183C08822491000048D9441B926D00AC18910000F6D9FF682009FFA2
:20C1180052285E18822491000048D94427926D009E18822449A4000A6D00991882249100AD
:20C138000048D9442D926D00921891000048D9442A923B0071426D003000DF0213806DFF8F
:20C1580073FF822440C402956D00641891000048D9442A923B0071426D001F00F62282095C
:20C178003C163C123C013B2014406D00D3067625028FC2F8FF1FF97F4E823C09822414C5C5
:20C198006D005418B01C029FC2F9EEED6DFF4CFF02923C0100902010404C02488219910061
:20C1B80000F8D9FF2E7249FF000A49A2000AA07404FF242FFC4EDA08780282146D00450157
:20C1D800DA08780291000046D944502049A5000A49A6080A82146DFFA7F649A4000A40C5F3
:20C1F8006DFF40F2BC2382093C1849A4000A91000058D95536726DFF35F27C2A49A4000AE5
:20C2180091000058D95529826DFF2CF2BC2382193C04028FC2F8EED202923C01009020086C
:20C23800404F024FA00201F2104491000048D94430923B600C506DFF8CF274AF910000468A
:20C25800D9447C4049A6000A820440F56DFFA3F554A23C010090404F0248A00201F21044B0
:20C2780091000048D94430923B2006506DFF71F282093C263B2014406D004C06DF02198099
:20C29800DA1E3FF80E8082243BE0015040F46D00C11749FF1E0A8B281E8082093C08822408
:20C2B80040F402856D00B61782083C0C3C09C219DA643FF903803C0682146D00C600DF0894
:20C2D800DBFF02823C0100900D00000282046DFF39F89100004F82046DFF9AD8910000F61E
:20C2F800D9FF0450DA0034FF0D00400200800D00000282046DFF26F8C5F4004082046DFF14
:20C3180087D8910000F6D9FF0850DA0034FF0D004002008002484DC0E1FF16073C01370F3C
:20C3380048404DC0E20F3700E1078B0020F23C013C01EE0D6DFF8AD8092010093C013C01A4
:20C358004C243C01A20F3F8FFDFF3C3A82FF5F4F3700DA003E44DA01BE4A3C32910000F68D
:20C37800D9FF0450DA0134FF6DFFDCF785FF100042F8A5F8300002246DFFE4F73C01910056
:20C3980000F6D9FF045014FFEEFB3C1A910000F6D9FF0850DA0134FF6DFFC4F785FF104051
:20C3B800428FA5FF304002246DFFCCF73C01910000F6D9FF085014FFEEFB3C023C01009030
:20C3D80020104DC0E2FF370FE1F78B0F20823C010D00400300003C013C01820034A0DA0096
:20C3F8002CA2DA1F2CA3DA002CA1DA017801DADCACA4DA002CAA9100004F49A5000A6DFF9A
:20C4180050D89100004F82046DFF02D8DA0034AFDA002CA2DA1F2CA3DA002CA1DA01780108
:20C43800DADDACA4DA012CAAC5F4004049A5000A6DFF37D8C5F4004082046DFFE9D776831C
:20C458000D0000030090024FBB00C4097FF017803C0A3B0080429BB4E64E6DFF5DFFBB00FC
:20C47800C409A20FBB00C4093FF0F5FF3B50C3400654E2F46DFF50FF3C073B50C3400654D7
:20C49800E2F46DFF49FF0090024F3B00A0059B2026007FF019803C0C3B0080429BB4E64E88
:20C4B8006DFF3AFF3B00A0059B202600A20F3B00A0059B2026003FF0F1FF534F26406DFFF9
:20C4D8002BFF3C05534F26406DFF26FF0090DA003E4ADA013E4CDA023E4EDA03BE40DA04C8
:20C4F800BE423C15DA00A5FFF4823C11DA00A5FFF8823C0DDA00A5FFFC823C09DA00A5FF92
:20C51800C0923C05DA00A5FFC4923C010090024F0B561088C5F4C0826DFFEBBD821005F1EE
:20C53800D5863701820125F0D582820005F1E1863701820125F0E1820BF8104802966D00EF
:20C55800ED0082003E0F82105F0F2A0082205F0F440082305F0F5E0082405F0F78001D0046
:20C578009300821005F1D0863701030025F0D082821005F1D1863701010025F0D18282107E
:20C5980005F1D0863701830125F0D082821005F1D0863701010325F0D0823C75821005F15A
:20C5B800D4863701030025F0D482821005F1D5863701010025F0D582821005F1D4863701C1
:20C5D800830125F0D482821005F1D4863701010325F0D4823C58821005F1D8863701030016
:20C5F80025F0D882821005F1D9863701010025F0D982821005F1D8863701830125F0D88213
:20C61800821005F1D8863701010325F0D8823C3B821005F1DC863701030025F0DC828210D0
:20C6380005F1DD863701010025F0DD82821005F1DC863701830125F0DC82821005F1DC86D9
:20C658003701010325F0DC823C1E821005F1E0863701030025F0E082821005F1E1863701F2
:20C67800010025F0E182821005F1E0863701830125F0E082821005F1E0863701010325F0C9
:20C69800E0823C01910000F6D9FF0C5010FFDA0134FF0090DA003E4BDA01BE41DA02BE475D
:20C6B800DA03BE4DDA045F4F23003C2985FFF482370F70F03C01370F50203C2285FFF88277
:20C6D800370F70F03C01370F50203C1A85FFFC82370F70F03C01370F50203C1285FFC09294
:20C6F800370F70F03C01370F50203C0A85FFC492370F70F03C01370F50203C02820291007D
:20C7180000F6D9FF0C5001F400F614FFEE04DA044BF201223C010090026F82005F4010003A
:20C7380082105F403A0082205F40570082305F407A0082405F40A4001D00C900F65691004B
:20C7580000F8D9FF40103C11DF150780910000F8D9FF54103C0A820491000048D94421A28F
:20C778003BE003506DFFF5EFEE06910000C8D9CC58003C105E16910000C8D9CC6C003C0A29
:20C79800820491000048D94421A23B2004506DFFE0EF1D009C00DF250780910000F8D9FFB3
:20C7B8007C103C0A820491000048D94421A23B8004506DFFCEEF5E26910000C8D9CC68101E
:20C7D8003C0A820491000048D94421A23BB004506DFFBFEF3C7BDF350780910000F8D9FFB0
:20C7F80078203C0A820491000048D94421A23B1005506DFFAEEF5E36910000C8D9CC502059
:20C818003C105E46910000C8D9CC64203C0A820491000048D94421A23B5005506DFF99EF35
:20C838003C55DF450780910000F8D9FF74303C11DF550780910000F8D9FF48403C0A8204E2
:20C8580091000048D94421A23BC005506DFF81EF5E56910000C8D9CC4C303C105E6691000C
:20C8780000C8D9CC60303C0A820491000048D94421A23B0006506DFF6CEF3C28DF65078097
:20C89800910000F8D9FF70403C11DF750780910000F8D9FF44503C0A820491000048D94490
:20C8B80021A23B7006506DFF54EF5E76910000C8D9CC5C403C0A820491000048D94421A2FA
:20C8D8003BA006506DFF45EF3C013B000140820540F46DFF65BC3B000140820540C46DFFFB
:20C8F80017BC0090DA003C0C534F2000600F9140003F30F3D93FD438820074F0C21FBF4F3E
:20C91800F57F009020080B4510A84DC0E20F3700E1078B0020E23C010D00400300003C0157
:20C938003C0102A46D008700402F3B000150C82408C46DFFECBE084409F550086DFF65D3F9
:20C95800084F74AFDA034BFA01C2DA034BFA0182DA003EB6DA013EBBDA02BEB03C1654A485
:20C978006DFF51D254A46DFFF2D23C1854A46DFF9ED254A46DFF71D23C1154A46DFF97D2FF
:20C9980054A46DFFE4D23C0A820491000048D9440CB23B500A506DFFDCEE54A46DFFFFD295
:20C9B80054A402C56DFF05D28216028454A56DFF56D302846DFFA3D2821502846DFF89D365
:20C9D800DA044BF80102534120F060FF9140003F30F3D93FD438DA034BFA0102DA044BF083
:20C9F8000102DA003E18DA013E19DA023E1ADA033E1B3C0D8200DA283C0A8200DA293C0775
:20CA18008230DA053C048200DA2B3C0114F137F108F034FF081F370F82F12CF1083F960235
:20CA38002CF3081F96042CF102EF6E030D0000030090DA015F4F2D00DA045F4F2F00DA068E
:20CA58005F4F3100DA075F4F3300DA085F4F3500DA095F4F3700DA0A5F4F3900DA0B5F4F32
:20CA78003B00DA0C5F4F3D00DA0D5F4F3F00DA0F5F4F4100DA125F4F4300DA135F4F450029
:20CA9800DA155F4F4700DA165F4F49003C4C91000028D9229C513C5191000028D922B05148
:20CAB8003C4C91000028D9228C913C4791000028D92280713C4291000028D92290813C3D21
:20CAD80091000028D922B8813C3891000028D922A4813C3391000028D92294713C2E9100E1
:20CAF8000028D922AC613C2991000028D922A0913C2491000028D922BC713C1F910000284F
:20CB1800D92298613C1A91000028D922B4913C1591000028D922A8713C1091000028D9229C
:20CB380084613C0B820491000048D9440CB23B5004506DFF0EEEA0023C01009091000046EA
:20CB5800D94458503BF00F403B0040506DFF92EB0090025F8BCF604291000048D94434B201
:20CB78003BA003506DFFF5ED538F20F0910000F8D9FF38E010FF54F082013C02C2113B0094
:20CB980040F07FF10880DA0803F10AF060FF54FF6EF63B0040F07E1382023C0282123C01E0
:20CBB800009002588BC8604291000048D94434B23BF004506DFFCDED820A538820F09100F5
:20CBD80000F8D9FF38E010FF54F86DFFC0D3022902946DFFD0D29110F0FAD9FF909A9110FE
:20CBF800F02AD922989A9110F04AD944A8AA9110F05AD955A8AA74F882107420DA80744F72
:20CC1800DA50745F0D00800402946DFFD3D38210F6AC3C01910080FF19FF100282110F0178
:20CC38001010261FEEF83C023C040D0080043C01910000F6D9FF5450DA0134FF0090025F43
:20CC58008BCF604291000048D94434B23BF00A506DFF7FED538F20F0910000F8D9FF38E01C
:20CC780010FF54F082013C0F534120F0910000F6D9FF585010FFDA0803F10AF060F2542F1C
:20CC980074FFC2113B0040F03FF1F0FF00900B451088404C026A8BC9604291000048D94450
:20CCB80034B23B2008506DFF54ED3B0040F00BAF404191000048D94434B23B3008506DFF65
:20CCD80048ED538920F0910000F8D9FF38E010FF54FB6DFF3CD3022C910000F6D9FF545098
:20CCF80014FFEE0A0B8910486DFF35FF76250B8910486DFF58FF82083C7DDA0803F80A9B76
:20CD18009100F0FAD9FF5455B70918007B0000FA7E05DA5074FFDA003C0EB70918007B001B
:20CD3800F0FA7E05DA5D74FFDA003C050D008004DA013C018B0F004291000048D94434B248
:20CD58003B4009506DFF05EDDA008210EE0C3C01910080FF19FF100282110F011010261FA4
:20CD7800EEF83C023C040D0080043C0154CFB04C820176919100F0FAD9FF70758200820381
:20CD980002F2A620A63189F040090D00800402C46DFFF1D19110F0FAD9FF909A9110F02A5B
:20CDB800D922989A9110F04AD944A8AA9110F05AD955A8AA74F9DA00742FDAA0744FDAAACE
:20CDD800745F0D00800402C46DFFF4D2DA008210EE0C3C01910080FF19FF100282110F015F
:20CDF8001010261FEEF83C023C040D0080043C01C2183FA884FF910000F6D9FF5450DA0063
:20CE180034FF009091000046D944585082043B0040606DFF3EFF82023C010090BB00FEFF88
:20CE380026F4DA005F4F3200DA405F4F34003B0014F05F4F35003B0016F05F4F36003B0088
:20CE58001AF05F4F37003B001CF05F4F38003B001EF05F4F39003B0028F05F4F3A003B00F8
:20CE78002AF05F4F3B003B002CF05F4F3C003B002EF05F4F3D003B0040F05F4F3E003B0080
:20CE980042F05F4F3F003C429140002FD922000A3C3E9140002FD922008A3C399140002F64
:20CEB800D922000B3C349140002FD922004B3C2F9140002FD92200CB3C2A9140002FD9220C
:20CED800400B3C259140002FD922404B3C209140002FD922000C3C1B9140002FD922004C07
:20CEF8003C169140002FD922008C3C119140002FD92200CC3C0C9140002FD922008D3C071A
:20CF18009140002FD92200CD3C023C013C010090024F02F46DFF84FF161F092024095700D1
:20CF380061FF6E0382123C0282023C013C0100900B451088026AF69DDA003E74DA023E74A7
:20CF58003C05DA003C05DA083C03DA103C013C08DA043E723C03DAC03C03DA803C0102840E
:20CF78006DFF5EFF8FF80141402402F56DFFCFBB02846DFF55FF8FF80141820540246DFF50
:20CF9800F8BBDF19198076AC02846DFF49FF8FF801F182100FF01000892004093C0C02843B
:20CFB8006DFF3EFF8FF801F17B1000000FF01000892004090090024F765B02F46DFF30FFA4
:20CFD800161F82100FF01000892004093C0B02F46DFF26FF161F7B1000000FF01000892067
:20CFF80004090090910000F8D9FF20D0D4F46DFF70AF910000F8D9FF20D0C8246DFF69AF17
:20D01800009020880249025A4DC0E2FF370FE1F78B0F20B23C010D00400300003C013C019A
:20D03800DA024BF901426DFF7FAF402F49A4240A40F56DFFA5B26DFFA7CB02246DFF4CD4C9
:20D058000B2310C882083C1C820702A60BCD10486DFF9CA90B231048BB0024649BF6006004
:20D0780082076DFFE3A9BBF0FFFF7FF203803C0B8FFD1F1077CD800F0B0110C8C218DA10FD
:20D098003FF8E4FFDA103FF80280DA003E98DA013E9DDA02BE92DA03BE973C1DDA0089AF8C
:20D0B8002418DA1E89AFA2183C16DA0089AF2A18DA1F89AFA8183C0FDA0089AF2418DA2008
:20D0D80089AFA2183C08DA0089AF2A18DA2189AFA8183C01DA024BF90102DF011780DA000A
:20D0F80089AF0018DA0789AF2018DA0189AF211889A228090BCD10486DFF1CD489A22409EB
:20D11800DA0089AF0C183C15DA0189AF0018DA0989AF2618DA0289AF271889A230090BCD5D
:20D1380010486DFF07D489A22C09DA0089AF1418DA0089AF9A18DA0089AF9C18DA0089AFFE
:20D15800012849A4000A49A5240A6DFF54B002BF6E030D0000034D00D0FF16015E19DA0144
:20D1780082103700010E37F0040C89F0283949A4000A6DFF1FB20090DAAB3F4F0D00DA00F0
:20D198003FF40A005AF4910000F8D9FF98A190FFD4FFDC0F1D00F20391000028D9227C6063
:20D1B8001D00F60391000028D92258501D00F00391000028D92268601D00EA039100002896
:20D1D800D92254601D00E40391000028D92240601D00DE0391000028D9226C501D00D803CA
:20D1F80091000028D92264701D00D20391000028D92278701D00CC0391000028D9224C8095
:20D218001D00C60391000028D92250701D00C00391000028D9225C901D00BA039100002889
:20D23800D92248901D00B40391000028D92274801D00AE0391000028D92260801D00A8035D
:20D2580091000028D92258A01D00A20391000028D9226CA01D009C0391000028D922709018
:20D278001D00960391000028D92244A01D00900391000028D92268B01D008A039100002869
:20D29800D92254B01D00840391000028D92240B01D007E0391000028D92264C01D00780321
:20D2B80091000028D92278C01D00720391000028D9227CB01D006C0391000028D92250C0A8
:20D2D8001D00660391000028D92274D01D00600391000028D92260D01D005A039100002821
:20D2F800D9224CD01D00540391000028D92248E01D004E0391000028D9225CE01D004803E9
:20D3180091000028D9226CF01D00420391000028D92258F01D003C0391000028D92244F043
:20D338001D00360391000028D92270E01D00300391000028D92280001D002A0391000028F4
:20D35800D922BC001D00240391000028D922A8001D001E0391000028D92294001D001803A0
:20D3780091000028D92290101D00120391000028D9228C201D000C0391000028D922B81007
:20D398001D00060391000028D922A4101D00000391000028D922A0201D00FA029100002881
:20D3B800D92288301D00F40291000028D922B4201D00EE0291000028D922A8501D00E80247
:20D3D80091000028D9229C301D00E20291000028D92294501D00DC0291000028D922AC4081
:20D3F8001D00D60291000028D92280501D00D00291000028D92298401D00CA02910000287F
:20D41800D92284401D00C40291000028D922B0301D00BE0291000028D92290601D00B80266
:20D4380091000028D922A4601D00B20291000028D922B8601D00AC0291000028D922BC50F4
:20D458001D00A60291000028D92284901D00A00291000028D9229C801D009A029100002826
:20D47800D922B0801D00940291000028D92288801D008E0291000028D922B4701D008802CE
:20D4980091000028D922A0701D00820291000028D9228C701D007C0291000028D92280A0F0
:20D4B8001D00760291000028D92294A01D00700291000028D92298901D006A02910000282A
:20D4D800D922AC901D00640291000028D922A4B01D005E0291000028D92290B01D0058028A
:20D4F80091000028D922BCA01D00520291000028D922A8A01D004C0291000028D922A0C018
:20D518001D00460291000028D922B4C01D00400291000028D922B8B01D003A0291000028D9
:20D53800D9228CC01D00340291000028D922B0D01D002E0291000028D9229CD01D00280251
:20D5580091000028D92288D01D00220291000028D92284E01D001C0291000028D92298E0E7
:20D578001D00160291000028D922A8F01D00100291000028D92294F01D000A0291000028C9
:20D59800D92280F01D00040291000028D922ACE01D00FE0191000028D922BCF01D00F80113
:20D5B80091000028D922F8001D00F20191000028D922E0101D00EC0191000028D922CC1059
:20D5D8001D00E60191000028D922E4001D00E00191000028D922D0001D00DA019100002864
:20D5F800D922F4101D00D40191000028D922C4301D00CE0191000028D922D8301D00C801EC
:20D6180091000028D922DC201D00C20191000028D922F0201D00BC0191000028D922C82028
:20D638001D00B60191000028D922EC301D00B00191000028D922E8401D00AA019100002803
:20D65800D922D4401D00A40191000028D922C0401D009E0191000028D922FC401D009801CB
:20D6780091000028D922CC601D00920191000028D922F8501D008C0191000028D922D05088
:20D698001D00860191000028D922E4501D00800191000028D922C8701D007A01910000280B
:20D6B800D922F4601D00740191000028D922E0601D006E0191000028D922C4801D00680173
:20D6D80091000028D922F0701D00620191000028D922DC701D005C0191000028D922D88018
:20D6F8001D00560191000028D922D4901D00500191000028D922C0901D004A0191000028F3
:20D71800D922EC801D00440191000028D922E4A01D003E0191000028D922D0A01D0038011A
:20D7380091000028D922E8901D00320191000028D922FC901D002C0191000028D922C8C08F
:20D758001D00260191000028D922F4B01D00200191000028D922E0B01D001A0191000028A2
:20D77800D922CCB01D00140191000028D922F8A01D000E0191000028D922DCC01D000801FA
:20D7980091000028D922C0E01D00020191000028D922ECD01D00FC0091000028D922C4D02C
:20D7B8001D00F60091000028D922D8D01D00F00091000028D922F0C01D00EA0091000028B1
:20D7D800D922D4E01D00E40091000028D922F8F01D00DE0091000028D922E4F01D00D8006D
:20D7F80091000028D922E8E01D00D20091000028D922FCE01D00CC0091000028D922D0F0B9
:20D818001D00C60091000028D9220C011D00C00091000028D92204211D00BA009100002806
:20D83800D92230111D00B40091000028D92208111D00AE0091000028D9221C111D00A80085
:20D8580091000028D92220011D00A20091000028D92234011D009C0091000028D9223C3159
:20D878001D00960091000028D92214311D00900091000028D92228311D008A0091000028CA
:20D89800D9222C211D00840091000028D92200313C7E91000028D92218213C79910000288D
:20D8B800D9220C513C7491000028D92224413C6F91000028D92238413C6A91000028D922FD
:20D8D80010413C6591000028D92220513C6091000028D9221C613C5B91000028D922086198
:20D8F8003C5691000028D92234513C5191000028D9222C713C4C91000028D92218713C471F
:20D9180091000028D92230613C4291000028D92204713C3D91000028D92228813C38910028
:20D938000028D92214813C3391000028D92200813C2E91000028D9223C813C29910000287A
:20D95800D92238913C2491000028D92224913C1F91000028D92210913C1A91000028D92268
:20D978000CA13C1591000028D92234A13C1091000028D92220A13C0B820491000048D94484
:20D998001DC23B3010506DFFE4E6A0023C01009020389100014F6DFF4BB4910001FF19FFD3
:20D9B80000C0AE1F9100014F8204BB0068599B85B9546DFF30B69100014F82246DFF10B6A7
:20D9D80049A4000A9100015F6DFFB4B582083C1982093C13370868F02CA4370948F02CA509
:20D9F80049A4240A49A5000A6DFF03B549A4240A82146DFFE1B5C219DA083FF9ED7FC218EA
:20DA1800BF48E87F00902038024F0B5610883B0071020B90504191000048D9441DC23B80E4
:20DA380015506DFF96E602F46DFFA8FB402F14FF82003E0882103E0782203E0682303E0580
:20DA58003C053C043C033C023C019100014F6DFFEFB39100012F192F00C0AE1F9100014F0D
:20DA78008204BB0068599B85B9546DFFD4B59100014F82246DFFB4B549A4000A9100015F26
:20DA98006DFF58B514FF2CA409FF01082CA5BB0068F99B8FB9F44B0861014B0F51F04B0F93
:20DAB80071F17802F807DA0189AF120814FF82003E0A8210BE0882205F0F260082305F0FBB
:20DAD80033003C418205029409A6080982076DFF5DA4FB0071620B2310486DFFA7A489A275
:20DAF8000C093C318205029409A6080982076DFF4DA4FB0071620B2310486DFF97A489A2A3
:20DB18000C093C218205029409A6080982076DFF3DA4FB0071620B2310486DFF87A489A2B2
:20DB38000C093C118205029409A6080982076DFF2DA4FB0071620B2310486DFF77A489A2C2
:20DB58000C093C0149A4240A49A5000A6DFF51B449A4240A82146DFF1BB50090024F0258AF
:20DB78003B0071020B80504191000048D9441DC23B7013506DFFEDE502F46DFFFFFA402FD8
:20DB980014FF3B008000E20F60F29110013F3023D934000D09F401086DFFBAB314FF82009A
:20DBB8003E0A8210BE0682205F0F220082305F0F2D003C3982050284820702266DFFE6A308
:20DBD800FB0071620B2310486DFF30A402283C2B82050284820702266DFFD8A3FB00716295
:20DBF8000B2310486DFF22A402283C1D82050284820702266DFFCAA3FB0071620B231048E7
:20DC18006DFF14A402283C0F82050284820702266DFFBCA3FB0071620B2310486DFF06A460
:20DC380002283C0114FF3B008000E20F60F29110013F3023D934000D09F4010802856DFF0D
:20DC580089B30090094F4218370FE3013C04094F10293C01020FC2F0EEFB009049AA20BAED
:20DC78000B4510880B6710A809ACA04809ADA44809AEA848DA644BFB01020B080041910028
:20DC98000048D94404D23BB03D506DFF62E5DA644BFC01020B08004191000048D94404D25E
:20DCB8003BC03D506DFF55E5DA644BFD01020B08004191000048D94404D23BD03D506DFF71
:20DCD80048E53B3019F03EEEDA644BFE01020B08004191000048D94404D23B003E506DFF80
:20DCF80038E5910000F6D9FF6851B4FE370848406DFF8AB7402CB4AE49A4103A49A5283A5C
:20DD18000B8B10480BCD10686D00900149A4040A40C56DFFBABBDA002CA4BB00C2FB9BEF22
:20DD3800C3F47805DA002CAC49AF103AF80949A4300A49A5040A6DFF82B949A4303A49A593
:20DD5800300A6DFF5EB94B0A61F1783DDA003E99DA01BE93DA02BE9EDA035F9F27003C310E
:20DD780009AF7838B70F81F189AF383809AF7838961089AF38383C2509AF7838B70F81F18C
:20DD980089AF383809AF7838B70F01F289AF38383C1809AF7838960889AF383809AF783890
:20DDB800961089AF38383C0D09AF7838960889AF383809AF7838B70F01F289AF38383C0100
:20DDD80009AF7838962089AF383809A0F838DA0837F006F389AFB83809AF7938B70F01F240
:20DDF80089AF393809A2E83989A2CC493B3019F07EE609AF7838960489AF383849A43C1A91
:20DE180049A5303A6DFF0BB83B3019F05FEF2D80D83CD4FFC8AF09FF5108B70F01F389FFF3
:20DE3800110882048205820640C46DFF36B7910000F6D9FF68513B3019F0B4FFDA003E88E0
:20DE5800DA013E89DA023E8ADA033E8B3C0D3B2001E03C0A3B8007E03C073BE00DE03C04C6
:20DE78003B4014E03C01DA0509C0560837F003F289CF1608534820F0910000F6D9FF585193
:20DE980010FF4CC674FF534820F0910000F6D9FF585110FF534820F091000026D92258510E
:20DEB8001022092FC208B77F85F3ACF1534820F0910000F6D9FF585110FF534820F09100CD
:20DED8000026D92258511022142FB71F03F234FF534820F0910000F6D9FF585110FF534890
:20DEF80020F091000026D92258511022142FB71F83F034FF534820F0910000F6D9FF5851FB
:20DF180010F2534820F0910000F6D9FF585110FF081FB71F03F12C21534820F0910000F6B5
:20DF3800D9FF585110FF534820F091000026D92258511022092FC008B71F83F3B4FF534867
:20DF580020F0910000F6D9FF585110F2534820F0910000F6D9FF585110FF082F96202C2292
:20DF7800534820F0910000F6D9FF585110F2534820F0910000F6D9FF585110FF082FB70F15
:20DF980081F12C22534820F0910000F6D9FF585110F2534820F0910000F6D9FF585110FF32
:20DFB800082FB70F01F32C22534820F0910000F6D9FF585110F2534820F0910000F6D9FF4B
:20DFD800585110FF082FB71F03F02C22534820F0910000F6D9FF585110F2534820F0910032
:20DFF80000F6D9FF585110FF081FB71F83F22C21534820F0910000F6D9FF585110F2534874
:20E0180020F0910000F6D9FF585110FF0830DA664BFE0122DA064BF301229AD2370F68F092
:20E0380037F004F22C2300900B67108894AF404F405C3B80000089F014083B00080028C0D9
:20E058003B0008002840820089F01508820089C005083B00080089C0040882005F400D0047
:20E0780082105F40C20082205F408B0182305F4087021D00CF03F65791000028D92238B115
:20E09800F4F23C12DF15088091000028D92208C1F4F23C0A820491000048D94404D23B2062
:20E0B80004506DFF56E3DF68088091000028D92218B1E8223C12DF78088091000028D92218
:20E0D80028B1E8223C0A820491000048D94404D23B6004506DFF3DE33BC000005F09088047
:20E0F80091000028D92208B1E8423C0A820491000048D94404D23B9004506DFF2AE33B20E6
:20E1180001007E07910000F8D9FF18C1F4CF3C6A3B8001007E07910000F8D9FF00D1F4CF88
:20E138003C613BE001007E07910000F8D9FF14D1F4CF3C583B4002007E07910000F8D9FF89
:20E1580028D1F4CF3C4F3BA002007E07910000F8D9FF3CD1F4CF3C463B0003007E079100F7
:20E1780000F8D9FF10E1F4CF3C3D3B6003007E07910000F8D9FF24E1F4CF3C343BC00300D0
:20E198007E07910000F8D9FF38E1F4CF3C2B3B2004007E07910000F8D9FF0CF1F4CF3C22DB
:20E1B8003B8004007E07910000F8D9FF20F1F4CF3C193B0006007E07910000F8D9FF2CC165
:20E1D800F4CF3C103B3019007E04A00FF4CF3C0A820491000048D94404D23B7005506DFF9C
:20E1F800B8E21D0017033B6006005F05088091000028D9224411F4F23C143B7006005F0555
:20E21800088091000028D9225411F4F23C0A820491000048D94404D23BF005506DFF99E260
:20E238003BC006005F08088091000028D9225401E8223C1E3BD006005F08088091000028B0
:20E25800D9226401E8223C143BE006005F08088091000028D9227401E8223C0A820491004C
:20E278000048D94404D23B4006506DFF72E23B2007005F09088091000028D92234F1E84265
:20E298003C143B3007005F09088091000028D9224401E8423C0A820491000048D94404D2F9
:20E2B8003B8006506DFF55E23B8007007E07910000F8D9FF6411F4CF3C613BE007007E076E
:20E2D800910000F8D9FF7811F4CF3C583B4008007E07910000F8D9FF4C21F4CF3C4F3BA0E6
:20E2F80008007E07910000F8D9FF6021F4CF3C463B0009007E07910000F8D9FF7421F4CFD0
:20E318003C3D3B6009007E07910000F8D9FF4831F4CF3C343BC009007E07910000F8D9FF4C
:20E338005C31F4CF3C2B3B200A007E07910000F8D9FF7031F4CF3C223B800A007E07910026
:20E3580000F8D9FF4441F4CF3C193BE00A007E07910000F8D9FF5841F4CF3C103B30190001
:20E378007E04A00FF4CF3C0A820491000048D94404D23B5007506DFFECE11D004B023BC079
:20E398000C005F05088091000028D9226C61F4F23C323BD00C005F05088091000028D922E1
:20E3B8007C61F4F23C283BE00C005F05088091000028D9224C71F4F23C1E3BF00C005F05BF
:20E3D800088091000028D9225C71F4F23C143B000D005F05088091000028D9226C71F4F23B
:20E3F8003C0A820491000048D94404D23BF007506DFFAFE13B200D005F08088091000028DF
:20E41800D9227C51E8223C1E3B300D005F08088091000028D9224C61E8223C143B400D000E
:20E438005F08088091000028D9225C61E8223C0A820491000048D94404D23B4008506DFF83
:20E4580088E13B800D005F09088091000028D9226C51E8423C323B900D005F090880910021
:20E478000028D9226C41E8423C283BA00D005F09088091000028D9227C41E8423C1E3BB06E
:20E498000D005F09088091000028D9224C51E8423C143BC00D005F09088091000028D922F0
:20E4B8005C51E8423C0A820491000048D94404D23BB008506DFF4DE13BE00D007E079100BA
:20E4D80000F8D9FF7C71F4CF3C583B400E007E07910000F8D9FF5081F4CF3C4F3BA00E0099
:20E4F8007E07910000F8D9FF6481F4CF3C463B000F007E07910000F8D9FF7881F4CF3C3D8F
:20E518003BC00F007E07910000F8D9FF4C91F4CF3C343B2010007E07910000F8D9FF6091A1
:20E53800F4CF3C2B3B8010007E07910000F8D9FF7491F4CF3C223BE010007E07910000F889
:20E55800D9FF48A1F4CF3C193B4011007E07910000F8D9FF5CA1F4CF3C103B3019007E0446
:20E57800A00FF4CF3C0A820491000048D94404D23B7009506DFFEDE01D004C013B20130064
:20E598005F05088091000028D92270D1F4F23C323B3013005F05088091000028D92250D1EF
:20E5B800F4F23C283B4013005F05088091000028D92260D1F4F23C1E3B5013005F050880D0
:20E5D80091000028D92240E1F4F23C143B6013005F05088091000028D92250E1F4F23C0A6D
:20E5F800820491000048D94404D23B100A506DFFB0E03B8013005F08088091000028D9229F
:20E6180050C1E8223C323B9013005F08088091000028D92260C1E8223C283BA013005F08F4
:20E63800088091000028D92270C1E8223C1E3BB013005F08088091000028D92240C1E82245
:20E658003C143BC013005F08088091000028D92240D1E8223C0A820491000048D94404D2EE
:20E678003B800A506DFF75E03BE013005F09088091000028D92270A1E8423C323BF01300F3
:20E698005F09088091000028D92250B1E8423C283B0014005F09088091000028D92260B12B
:20E6B800E8423C1E3B1014005F09088091000028D92270B1E8423C143B2014005F090880C1
:20E6D80091000028D92240B1E8423C0A820491000048D94404D23BF00A506DFF3AE03B4035
:20E6F80014007E08910000F8D9FF60E1F4CF1D0090003BA014007E08910000F8D9FF70F11F
:20E71800F4CF1D0086003BB014007E07910000F8D9FF8401F4CF3C7C3B0015007E07910030
:20E7380000F8D9FF9801F4CF3C733B1015007E07910000F8D9FFAC01F4CF3C6A3B601500DA
:20E758007E07910000F8D9FF8011F4CF3C613BC015007E07910000F8D9FF9411F4CF3C58D8
:20E778003B2016007E07910000F8D9FFA811F4CF3C4F3B8016007E07910000F8D9FFBC119F
:20E79800F4CF3C463BE016007E07910000F8D9FF9021F4CF3C3D3BF016007E07910000F8C9
:20E7B800D9FFA421F4CF3C343B4017007E07910000F8D9FFB821F4CF3C2B3B6018007E07BE
:20E7D800910000F8D9FF74E1F4CF3C223BC018007E07910000F8D9FF48F1F4CF3C193B20A5
:20E7F80019007E07910000F8D9FF5CF1F4CF3C103B3019007E04A00FF4CF3C0A82049100D1
:20E818000048D94404D23B100C506DFFA2DF3C0100900B451088370848406DFFF5B1402C17
:20E8380040C46DFF11FA534820F0910000F6D9FF585110FF54FF8200370F01F089CF2019E6
:20E8580089C924193C0109CF4218370FE3F16EFC40C46DFFF9F9534820F0910000F6D9FFB2
:20E87800585110FF54FF8210370F01F089CF2019DA0089CF24193C0109CF4218370FE3F123
:20E898006EFC3C0109CF41186F3FFE7FBBF0FFFF89CF141909CF10293C01370F68203C01D6
:20E8B80000900B541088404C026A370948406DFFABB1402D40D46DFFC7F9534920F0910047
:20E8D80000F6D9FF585110FF54F082013710010089D0201989D824193C0109D042183700B4
:20E8F800E3F16EFC40D46DFFAFF9DF1A0F80534920F0910000F6D9FF585110FF54FF82106A
:20E91800370F01F089DF2019DA0089DF24193C0109DF4218370FE3F16EFC09DF10293C0127
:20E9380034CFB01CC2FADF0AE2FF3C0109DF41186F3FFE7FBBF0FFFF89DF141900900248A9
:20E95800404C405D0259370848406DFF5DB1402E534820F0910000F6D9FF585110FF54F066
:20E9780082013710010089E0201940E46DFF6CF9DF190F80534820F0910000F6D9FF5851E3
:20E9980010FF54F082113710010089E0201914CFB01C89EF2419BCDD3C0109EF4218370FBD
:20E9B800E3F16EFC09EF10293C0134DFB01D3C063C0109EF42181607EEFDC2F9DF09DAFF5E
:20E9D8003C0109EF41186F3FFE7FBBF0FFFF89EF141900900248404C0259370848406DFF24
:20E9F80013B1534820F0910000F6D9FF585110FF54F082013710010089202019DF190F8001
:20EA1800534820F0910000F6D9FF585110FF54F08211371001008920201914CFB01C892FB4
:20EA380024193C01092F42181607EEFDC2F9DF09E7FF3C01092F41186F3FFE7FBBF0FFFF7F
:20EA5800892F141900900B451088026A370848406DFFDAB0402C534820F0910000F6D9FFA2
:20EA7800585110FF54FF8200370F01F089CF201940C46DFFE9F889C924193C0109CF4218DA
:20EA98001607EEFD534820F0910000F6D9FF585110FF54FF8210370F01F089CF201989CA94
:20EAB80024193C0109CF42181607EEFD3C0109CF41186F3FFE7FBBF0FFFF89CF1419009033
:20EAD800A002DA003E48DA013E4BDA023E4EDA03BE413C1591000026D9226C513C109100D7
:20EAF8000026D92258713C0B91000026D92244913C0691000026D92270A13C013C01009037
:20EB180020200B4510A80B7610884DC0E2FF370FE1F78B0F20C23C010D00400300003C012A
:20EB38003C01370A48406DFF739D91000046D9445CC140256DFF31A102A46D00250202A4A7
:20EB58006D00B402910000F6D9FF5CC1DA0889FF2C08910000F6D9FF5CC1DA04ACF49100D5
:20EB780000F6D9FF5CC14B0B61F16CF1910000F6D9FF5CC1DA072CFAA00FF4AFA00FF8040D
:20EB980049A4180A49A5080A0BA9104802866D002800DA102CACDA8089AF1C08DA0089AF9B
:20EBB8001D08910000F6D9FF5CC149A2000AE8A202A46DFF87FF91000056D9555CC14024EF
:20EBD8006DFFB19E820502A46D00B401820502A46D00F60202CF6E030D0000030090DA00C5
:20EBF8003E4CDA015F4F4000DA025F4FC600DA035F4F27011D008901F658910000F8D9FF51
:20EC18000C1080FF744F3C1CDF150980910000F8D9FF1C1080FF744F3C13DF25098091006D
:20EC380000F8D9FF2C1080FF744F3C0ADF350980910000F8D9FF3C1080FF744F3C01F66801
:20EC5800910000F8D9FF2C0080FF745F3C0ADF160980910000F8D9FF3C0080FF745F3C01CD
:20EC78001D005401DF450980910000F8D9FF2C3080FF744F3C49DF550980910000F8D9FFBB
:20EC98003C3080FF744F3C40DF650980910000F8D9FF0C4080FF744F3C37DF750980910095
:20ECB80000F8D9FF1C4080FF744F3C2EDA087E58910000F8D9FF2C4080FF744F3C25DA0959
:20ECD8007E58910000F8D9FF3C4080FF744F3C1CDA0A7E58910000F8D9FF0C5080FF744F16
:20ECF8003C13DA0B7E58910000F8D9FF1C5080FF744F3C0ADA0C7E58910000F8D9FF2C5004
:20ED180080FF744F3C01DF460980910000F8D9FF0C2080FF745F3C2EDF560980910000F81E
:20ED3800D9FF1C2080FF745F3C25DF660980910000F8D9FF2C2080FF745F3C1CDF36098031
:20ED5800910000F8D9FF3C2080FF745F3C13DF760980910000F8D9FF0C3080FF745F3C0A2A
:20ED7800DF260980910000F8D9FF1C3080FF745F3C011D00CB00DA0D7E58910000F8D9FFAB
:20ED98000C7080FF744F3C2EDA0E7E58910000F8D9FF1C7080FF744F3C25DA0F7E58910095
:20EDB80000F8D9FF2C7080FF744F3C1CDA107E58910000F8D9FF3C7080FF744F3C13DA11EC
:20EDD8007E58910000F8D9FF0C8080FF744F3C0ADA127E58910000F8D9FF1C8080FF744FCF
:20EDF8003C01DA0B7E68910000F8D9FF3C5080FF745F3C25DA097E68910000F8D9FF0C60BD
:20EE180080FF745F3C1CDA0A7E68910000F8D9FF1C6080FF745F3C13DA0C7E68910000F893
:20EE3800D9FF2C6080FF745F3C0ADA087E68910000F8D9FF3C6080FF745F3C013C66DA13DB
:20EE58007E58910000F8D9FF2C9080FF744F3C37DA147E58910000F8D9FF3C9080FF744FBF
:20EE78003C2EDA157E58910000F8D9FF0CA080FF744F3C25DA167E58910000F8D9FF1CA0B8
:20EE980080FF744F3C1CDA177E58910000F8D9FF2CA080FF744F3C13DA187E58910000F8EA
:20EEB800D9FF3CA080FF744F3C0ADA197E58910000F8D9FF0CB080FF744F3C01DA0E7E68CB
:20EED800910000F8D9FF2C8080FF745F3C1CDA0F7E68910000F8D9FF3C8080FF745F3C13D6
:20EEF800DA0D7E68910000F8D9FF0C9080FF745F3C0ADA107E68910000F8D9FF1C9080FF3C
:20EF1800745F3C013C023C010090404F82086DFFD9FDD424094F5208161F3C016E07D424DA
:20EF3800821440F56DFFFD9B821802823C0100900258910000F6D9FF5CC1D4FF3704484093
:20EF58006DFF669B91000046D9445CC140256DFF249F40F46DFFCC9B370868F06E03DA019D
:20EF78003C02DA0009F0431837F001F289FF031876850C2196042C213C050C21B70F01F11B
:20EF98002C210090DA003E4CDA015F4F2B00DA025F4F4900DA035F4F67001D00860091006B
:20EFB80000F6D9FF5CC191000026D9227061E8C2910000F6D9FF5CC191000026D92248614A
:20EFD800E8E2910000F6D9FF5CC1DA0189FFAE08910000F6D9FF5CC1DA0189FFB4083C647F
:20EFF800910000F6D9FF5CC191000026D9225C81E8C2910000F6D9FF5CC191000026D92216
:20F018007471E8E2910000F6D9FF5CC1DA0189FFAE08910000F6D9FF5CC1DA0189FFB408F9
:20F038003C43910000F6D9FF5CC191000026D92248A1E8C2910000F6D9FF5CC19100002645
:20F05800D9226091E8E2910000F6D9FF5CC1DA0189FFAE08910000F6D9FF5CC1DA0189FF6E
:20F07800B4083C22910000F6D9FF5CC191000026D92274B1E8C2910000F6D9FF5CC1910054
:20F098000026D9224CB1E8E2910000F6D9FF5CC1DA0189FFAE08910000F6D9FF5CC1DA0184
:20F0B80089FFB4083C010090DA003E4BDA015F4F2600DA025F4F4000DA035F4F5A003C75B5
:20F0D800910000F6D9FF5CC1DA0B89FFA008910000F6D9FF5CC1DA0A89FFA208910000F66E
:20F0F800D9FF5CC1DA0C89FFA408910000F6D9FF5CC1DA0089FF26083C61910000F6D9FFE1
:20F118005CC1DA0D89FFA008910000F6D9FF5CC1DA0E89FFA208910000F6D9FF5CC1DA0FA8
:20F1380089FFA408910000F6D9FF5CC1DA0089FF26083C44910000F6D9FF5CC1DA1089FF09
:20F15800A008910000F6D9FF5CC1DA1189FFA208910000F6D9FF5CC1DA1289FFA408910029
:20F1780000F6D9FF5CC1DA0089FF26083C27910000F6D9FF5CC1DA1389FFA008910000F679
:20F19800D9FF5CC1DA1489FFA208910000F6D9FF5CC1DA1589FFA408910000F6D9FF5CC127
:20F1B800DA0089FF26083C0A820491000048D9442BD23BC006506DFFCCDA0090025891000A
:20F1D80000F6D9FF5CC1D4FF370448406DFF209A91000046D9445CC140256DFFDE9D40F4DF
:20F1F8006DFF939A370868F06E03DA013C02DA0009F0431837F081F389FF031876850C21A9
:20F2180096042C213C050C21B70F01F12C2100900248404F025F3C0714F502846D0006006D
:20F23800C2FFB01FEEFA0090200834A56DFF4AFC3C01D42F08EF161F3C01EEFCD42449A582
:20F25800000A82146DFF639B00900248404F3C0909FF0008B01F370F685002846DFFE6FF2A
:20F2780009FF0008EEF60090000000000000000000000000000000000000000000000000F2
:20F29800000000000000A042000000410000000000000000000000000000000000C0DA4554
:20F2B80000C0DAC500000000000000000000000000000000000000000000000000000000D7
:20F2D8000000A042000000410000000000000000000000000000000000C0DA4500C0DAC5B5
:20F2F80000000000000000000000000000000000000000000000000000000000AE47E13DE3
:20F31800000000003108AC3CCDCC4C3D000000006F12833A00004842000048C200000000C0
:20F338000000000000000000000000000000000000000000000000000000000000000000B5
:1FF358000000000000000000000000000000000000000000000000000000000000010095
:20F37800000000000000334300000000000000000000000000A60160700100607001006056
:20F39800000000005000000009000000C0010060C001006000000000500000000A0001005F
:20F3B800000000000000000000000000FFFFFFFF0600020000000000000000000000000031
:20F3D800000000000000000000000000000000000000000000000000000000000000000015
:20F3F8000000000000000000000000000000000000000000000000000000000000000000F5
:20F418000000000000000000000000000000000000000000000000000000000000000000D4
:20F438000000000000000000000000000000000000000000000000000000000000000000B4
:20F458009EA50080A4A50080C6BD0080C6BD0080C6BD0080C6BD0080C6BD0080002D31019A
:20F47800000000000000000000000000000000000000000000000000000100000000000073
:07F49800010100000000006B
:20F4A000010000000000006074F4008004000000010000000400006078F30080E8000000C7
:20F4C00001000000EC00006090F400800100000001000000F000006091F400800100000083
:20F4E00001000000F400006092F400800100000001000000F800006093F40080010000004F
:20F5000001000000FC00006094F4008001000000010000000001006095F400800100000019
:20F52000010000000401006096F4008001000000010000000801006097F4008001000000E4
:20F54000010000000C01006078F400800200000001000000100100607AF4008002000000ED
:20F5600001000000140100607CF400800200000001000000180100607EF4008002000000B5
:20F58000010000001C01006080F4008002000000010000002001006082F40080020000007D
:20F5A000010000002401006084F400800C000000010000003001006060F400801400000047
:20F5C000010000004401006098F4008001000000010000004801006099F4008001000000C0
:20F5E000010000004C0100609AF40080050000000200000054010060000000002101000071
:20F60000020000007802006000000000F1010000020000006C040060000000002100000029
:20F62000020000009004006000000000C5000000020000005805006000000000121000002E
:20F64000020000006C150060000000004100000002000000B015006000000000250000003A
:20F6600002000000D81500600000000041000000020000001C160060000000002500000041
:20F68000020000004416006000000000410000000200000088160060000000002500000048
:20F6A00002000000B0160060000000004100000002000000F4160060000000002500000050
:20F6C000020000001C1700600000000040000000020000000000007000000000547D000012
:20F6E00001000000547D00706CF300800100000001000000587D00706DF3008001000000C1
:20F70000010000005C7D00706EF300800100000001000000607D00706FF30080010000008C
:20F7200001000000647D007070F300800100000001000000687D007071F300800100000058
:20F74000010000006C7D007072F300800100000001000000707D007073F300800100000024
:20F7600001000000747D007074F300800100000001000000787D007075F3008001000000F0
:20F78000010000007C7D007076F300800100000001000000807D007034F3008002000000FE
:20F7A00001000000847D007036F300800200000001000000887D007038F300800200000009
:20F7C000010000008C7D00703AF300800200000001000000907D00703CF3008002000000D1
:20F7E00001000000947D00703EF300800200000001000000987D007040F300802C0000006F
:20F8000001000000C47D007080F20080B40000000000000000000000000000000000000090
:02000004800278
:2000000000000000700059B30000000000000000000000000000000064B81E799B47E18668
:02000004800F6B
:0A414000911000E8D9EE161ADC0E0B
:0A416000911000E8D9EE2A1ADC0ED7
:0A418000911000E8D9EE3A0ADC0EB7
:0A41A000911000E8D9EE2A1ADC0E97
:0A41C000911000E8D9EE162ADC0E7B
:0A41E000911000E8D9EE3A1ADC0E47
:0A420000911000E8D9EE2A1ADC0E36
:0A422000911000E8D9EE103ADC0E10
:0A424000911000E8D9EE342ADC0EDC
:0A426000911000E8D9EE2A1ADC0ED6
:0A428000911000E8D9EE0A4ADC0EA6
:0A42A000911000E8D9EE2E3ADC0E72
:0A43C000911000E8D9EED2C9DC0E1E
:0A43E000911000E8D9EEF4C9DC0EDC
:0A440000911000E8D9EEA649DC0E89
:0A442000911000E8D9EED6D9DC0EA9
:0A450000911000E8D9EED6E9DC0EB8
:0A452000911000E8D9EEC6F9DC0E98
:0A456000911000E8D9EE000ADC0E0D
:0A478000911000E8D9EEF8D9DC0E24
:0A5B8000911000E8D9EE20BCDC0E05
:0A5BA000911000E8D9EE06CCDC0EEF
:040000058000002057
:00000001FF
